File_Name,Bbox,Height,Width,Quad
train_673.png,"[1453.9245283018868, 332.2452830188679, 624.5283018867922, 467.92452830188677]",1316,2965,Upper Left
train_673.png,"[918.0754716981131, 356.7735849056603, 556.6037735849058, 450.9433962264152]",1316,2965,Upper Right
train_673.png,"[1506.754716981132, 505.8301886792452, 733.9622641509434, 632.0754716981131]",1316,2965,Lower Left
train_673.png,"[733.1698113207547, 541.6792452830189, 792.4528301886792, 611.3207547169811]",1316,2965,Lower Right
train_283.png,"[1480.25, 203.375, 668.75, 481.25]",1316,3001,Upper Left
train_283.png,"[845.875, 272.125, 643.75, 425.0]",1316,3001,Upper Right
train_283.png,"[1505.25, 387.75, 803.125, 671.875]",1316,3001,Lower Left
train_283.png,"[705.25, 484.625, 853.125, 584.375]",1316,3001,Lower Right
train_435.png,"[459.25, 235.25, 503.75, 318.75]",976,1976,Upper Right
train_435.png,"[958.0, 216.5, 473.75, 340.0]",976,1976,Upper Left
train_435.png,"[968.0, 420.25, 545.0, 352.5]",976,1976,Lower Left
train_435.png,"[411.75, 435.25, 561.25, 340.0]",976,1976,Lower Right
train_95.png,"[596.9811320754717, 13.660377358490564, 933.9622641509433, 494.33962264150944]",1316,2979,Upper Right
train_95.png,"[1525.2830188679245, 11.773584905660357, 801.8867924528299, 545.2830188679245]",1316,2979,Upper Left
train_95.png,"[1500.754716981132, 404.2264150943396, 792.4528301886792, 430.18867924528297]",1316,2979,Lower Left
train_95.png,"[625.2830188679245, 402.33962264150944, 875.4716981132076, 452.8301886792452]",1316,2979,Lower Right
train_475.png,"[810.5283018867924, 285.35849056603774, 677.3584905660377, 513.2075471698113]",1316,2991,Upper Right
train_475.png,"[1486.0, 317.43396226415086, 632.0754716981132, 484.90566037735846]",1316,2991,Upper Left
train_475.png,"[1478.4528301886792, 489.13207547169804, 781.1320754716983, 626.4150943396226]",1316,2991,Lower Left
train_475.png,"[682.2264150943396, 504.2264150943396, 805.6603773584906, 624.5283018867925]",1316,2991,Lower Right
train_62.png,"[1386.9999999999998, 310.9999999999999, 768.5714285714287, 405.71428571428567]",1316,2765,Upper Left
train_62.png,"[604.1428571428571, 359.57142857142844, 788.5714285714284, 362.8571428571429]",1316,2765,Upper Right
train_62.png,"[1401.2857142857142, 573.8571428571427, 882.8571428571427, 557.1428571428571]",1316,2765,Lower Left
train_62.png,"[498.4285714285714, 551.0, 965.7142857142858, 585.7142857142856]",1316,2765,Lower Right
train_637.png,"[668.090909090909, 312.5757575757575, 727.2727272727273, 403.030303030303]",1316,2830,Upper Right
train_637.png,"[1386.2727272727273, 300.4545454545454, 790.9090909090908, 421.21212121212113]",1316,2830,Upper Left
train_637.png,"[1398.3939393939393, 627.7272727272727, 796.9696969696968, 445.45454545454527]",1316,2830,Lower Left
train_637.png,"[655.9696969696969, 615.6060606060605, 818.1818181818181, 469.69696969696975]",1316,2830,Lower Right
train_187.png,"[1503.0, 384.91666666666674, 666.666666666667, 429.16666666666674]",1316,2990,Upper Left
train_187.png,"[859.25, 378.66666666666674, 656.25, 441.66666666666674]",1316,2990,Upper Right
train_187.png,"[1525.9166666666667, 605.75, 772.9166666666667, 510.41666666666674]",1316,2990,Lower Left
train_187.png,"[736.3333333333334, 574.5, 822.9166666666666, 550.0]",1316,2990,Lower Right
train_509.png,"[581.6470588235294, 249.76470588235293, 811.7647058823528, 479.4117647058822]",1316,2754,Upper Right
train_509.png,"[1390.470588235294, 246.82352941176464, 785.2941176470588, 491.17647058823536]",1316,2754,Upper Left
train_509.png,"[1396.3529411764705, 593.8823529411764, 788.2352941176471, 426.47058823529414]",1316,2754,Lower Left
train_509.png,"[596.3529411764705, 593.8823529411764, 850.0, 476.47058823529414]",1316,2754,Lower Right
train_31.png,"[667.5762711864407, 254.84745762711867, 706.7796610169493, 484.7457627118644]",1316,2698,Upper Right
train_31.png,"[1364.1864406779662, 287.0508474576271, 693.2203389830509, 454.2372881355933]",1316,2698,Upper Left
train_31.png,"[1328.5932203389832, 612.4745762711865, 818.64406779661, 503.3898305084746]",1316,2698,Lower Left
train_31.png,"[574.3559322033899, 556.542372881356, 762.7118644067797, 566.1016949152543]",1316,2698,Lower Right
train_498.png,"[430.5, 244.0, 540.0, 308.75]",976,1976,Upper Right
train_498.png,"[949.25, 242.75, 526.25, 310.0]",976,1976,Upper Left
train_498.png,"[984.25, 456.5, 483.75, 326.25]",976,1976,Lower Left
train_498.png,"[386.75, 436.5, 598.75, 357.5]",976,1976,Lower Right
train_264.png,"[1459.8181818181818, 175.09090909090907, 729.0909090909088, 556.3636363636363]",1316,2881,Upper Left
train_264.png,"[663.4545454545454, 222.36363636363632, 799.9999999999999, 516.3636363636363]",1316,2881,Upper Right
train_264.png,"[1419.8181818181818, 536.9090909090909, 905.4545454545453, 649.0909090909091]",1316,2881,Lower Left
train_264.png,"[556.1818181818181, 507.81818181818176, 910.9090909090909, 716.3636363636363]",1316,2881,Lower Right
train_581.png,"[508.0, 255.25, 453.75, 295.0]",976,1976,Upper Right
train_581.png,"[959.25, 284.0, 423.75, 268.75]",976,1976,Upper Left
train_581.png,"[941.75, 475.25, 446.25, 302.5]",976,1976,Lower Left
train_581.png,"[463.0, 485.25, 501.25, 295.0]",976,1976,Lower Right
train_458.png,"[1433.4545454545455, 339.030303030303, 857.5757575757575, 351.5151515151515]",1316,2935,Upper Left
train_458.png,"[657.6969696969696, 342.060606060606, 812.1212121212121, 375.75757575757575]",1316,2935,Upper Right
train_458.png,"[1494.060606060606, 554.181818181818, 842.4242424242425, 515.1515151515152]",1316,2935,Lower Left
train_458.png,"[612.2424242424242, 566.3030303030303, 900.0, 487.87878787878776]",1316,2935,Lower Right
train_646.png,"[1424.3636363636363, 289.63636363636357, 792.7272727272727, 403.6363636363637]",1316,2860,Upper Left
train_646.png,"[606.1818181818181, 267.81818181818176, 830.9090909090909, 436.3636363636364]",1316,2860,Upper Right
train_646.png,"[1417.090909090909, 549.6363636363636, 1016.363636363636, 558.1818181818181]",1316,2860,Lower Left
train_646.png,"[493.45454545454544, 611.4545454545454, 950.9090909090908, 527.2727272727271]",1316,2860,Lower Right
train_12.png,"[1404.470588235294, 342.6470588235294, 761.7647058823529, 517.6470588235294]",1316,2828,Upper Left
train_12.png,"[730.9411764705882, 333.82352941176464, 682.3529411764706, 538.2352941176471]",1316,2828,Upper Right
train_12.png,"[1407.4117647058822, 551.4705882352941, 823.5294117647061, 564.705882352941]",1316,2828,Lower Left
train_12.png,"[625.0588235294117, 527.9411764705881, 785.2941176470588, 617.6470588235295]",1316,2828,Lower Right
train_564.png,"[1447.8181818181818, 436.9090909090909, 698.1818181818182, 401.81818181818187]",1316,2856,Upper Left
train_564.png,"[811.4545454545454, 382.36363636363626, 652.7272727272726, 458.18181818181824]",1316,2856,Upper Right
train_564.png,"[1440.5454545454545, 715.090909090909, 827.272727272727, 487.27272727272725]",1316,2856,Lower Left
train_564.png,"[611.4545454545454, 673.2727272727273, 832.7272727272726, 532.7272727272725]",1316,2856,Lower Right
train_559.png,"[1448.2941176470588, 433.82352941176464, 723.5294117647056, 329.41176470588243]",1316,2799,Upper Left
train_559.png,"[692.4117647058823, 363.23529411764696, 755.8823529411765, 391.17647058823525]",1316,2799,Upper Right
train_559.png,"[1413.0, 636.7647058823529, 861.7647058823527, 479.4117647058822]",1316,2799,Lower Left
train_559.png,"[607.1176470588235, 595.5882352941176, 808.8235294117645, 526.4705882352941]",1316,2799,Lower Right
train_324.png,"[540.8181818181818, 430.5454545454545, 914.5454545454545, 487.27272727272725]",1504,2868,Upper Right
train_324.png,"[1411.7272727272725, 421.4545454545454, 1027.2727272727275, 499.9999999999999]",1504,2868,Upper Left
train_324.png,"[1420.8181818181818, 792.3636363636363, 1016.3636363636363, 509.090909090909]",1504,2868,Lower Left
train_324.png,"[484.45454545454544, 783.2727272727273, 972.7272727272725, 521.8181818181818]",1504,2868,Lower Right
train_136.png,"[861.9259259259259, 313.8888888888888, 616.6666666666665, 427.7777777777778]",1316,2935,Upper Right
train_136.png,"[1474.8888888888887, 330.55555555555554, 629.6296296296296, 409.25925925925924]",1316,2935,Upper Left
train_136.png,"[1463.7777777777776, 634.2592592592592, 698.148148148148, 485.1851851851851]",1316,2935,Lower Left
train_136.png,"[745.2592592592592, 567.5925925925925, 722.2222222222221, 551.8518518518518]",1316,2935,Lower Right
train_305.png,"[1487.25, 291.16666666666674, 514.5833333333335, 416.66666666666674]",1316,2980,Upper Left
train_305.png,"[943.5, 299.5, 543.75, 408.3333333333335]",1316,2980,Upper Right
train_305.png,"[1466.4166666666667, 516.1666666666667, 622.9166666666667, 539.5833333333333]",1316,2980,Lower Left
train_305.png,"[770.5833333333334, 522.4166666666667, 700.0000000000001, 533.3333333333333]",1316,2980,Lower Right
train_348.png,"[483.89655172413796, 271.0344827586207, 851.7241379310346, 400.0]",1316,2714,Upper Right
train_348.png,"[1325.2758620689656, 260.68965517241384, 781.0344827586209, 381.0344827586207]",1316,2714,Upper Left
train_348.png,"[1328.7241379310346, 527.9310344827587, 886.206896551724, 481.0344827586206]",1316,2714,Lower Left
train_348.png,"[559.7586206896552, 652.0689655172414, 818.9655172413794, 362.0689655172414]",1316,2714,Lower Right
train_251.png,"[590.030303030303, 355.0, 906.060606060606, 460.6060606060605]",1316,2886,Upper Right
train_251.png,"[1490.030303030303, 355.0, 827.272727272727, 390.90909090909076]",1316,2886,Upper Left
train_251.png,"[1474.8787878787878, 691.3636363636363, 872.7272727272727, 424.24242424242425]",1316,2886,Lower Left
train_251.png,"[699.1212121212121, 730.7575757575758, 806.0606060606059, 390.90909090909076]",1316,2886,Lower Right
train_176.png,"[626.2727272727273, 366.9090909090909, 856.3636363636363, 465.4545454545454]",1504,2868,Upper Right
train_176.png,"[1469.9090909090908, 379.6363636363636, 874.5454545454543, 454.5454545454545]",1504,2868,Upper Left
train_176.png,"[1462.6363636363635, 705.090909090909, 947.272727272727, 521.8181818181818]",1504,2868,Lower Left
train_176.png,"[531.7272727272726, 705.090909090909, 947.2727272727271, 538.1818181818182]",1504,2868,Lower Right
train_621.png,"[784.7407407407406, 347.2222222222222, 707.4074074074074, 438.8888888888889]",1316,2951,Upper Right
train_621.png,"[1488.4444444444443, 354.62962962962956, 677.7777777777778, 425.92592592592587]",1316,2951,Upper Left
train_621.png,"[1494.0, 628.7037037037037, 724.0740740740739, 512.9629629629628]",1316,2951,Lower Left
train_621.png,"[645.8518518518518, 615.7407407407406, 853.7037037037036, 533.3333333333333]",1316,2951,Lower Right
train_453.png,"[1417.3333333333333, 329.9393939393939, 796.9696969696968, 390.9090909090909]",1316,2927,Upper Left
train_453.png,"[717.3333333333333, 317.81818181818176, 727.2727272727273, 415.15151515151524]",1316,2927,Upper Right
train_453.png,"[1420.3636363636363, 569.3333333333333, 836.3636363636363, 533.3333333333333]",1316,2927,Lower Left
train_453.png,"[599.1515151515151, 536.0, 845.4545454545454, 590.9090909090908]",1316,2927,Lower Right
train_289.png,"[1516.3333333333335, 409.91666666666674, 554.1666666666665, 381.25]",1316,3000,Upper Left
train_289.png,"[960.0833333333334, 405.75, 556.2500000000001, 383.3333333333335]",1316,3000,Upper Right
train_289.png,"[1501.75, 628.6666666666667, 714.5833333333335, 470.83333333333326]",1316,3000,Lower Left
train_289.png,"[845.5, 651.5833333333335, 658.3333333333335, 452.08333333333326]",1316,3000,Lower Right
train_229.png,"[1482.2121212121212, 448.121212121212, 806.0606060606058, 396.969696969697]",1316,2882,Upper Left
train_229.png,"[697.3636363636364, 472.36363636363626, 790.9090909090909, 366.66666666666674]",1316,2882,Upper Right
train_229.png,"[1467.060606060606, 693.5757575757575, 778.7878787878785, 433.33333333333326]",1316,2882,Lower Left
train_229.png,"[679.1818181818181, 687.5151515151515, 793.9393939393939, 448.4848484848485]",1316,2882,Lower Right
train_499.png,"[1423.5757575757575, 272.3636363636364, 781.818181818182, 475.75757575757564]",1316,2891,Upper Left
train_499.png,"[784.1818181818181, 323.8787878787879, 648.4848484848484, 439.3939393939394]",1316,2891,Upper Right
train_499.png,"[1432.6666666666665, 520.8484848484848, 860.6060606060605, 569.6969696969697]",1316,2891,Lower Left
train_499.png,"[632.6666666666666, 581.4545454545455, 818.1818181818181, 524.242424242424]",1316,2891,Lower Right
train_669.png,"[1367.6842105263156, 394.9473684210526, 838.5964912280699, 349.1228070175438]",1316,2772,Upper Left
train_669.png,"[662.4210526315788, 405.47368421052624, 728.0701754385965, 345.61403508771923]",1316,2772,Upper Right
train_669.png,"[1420.3157894736842, 586.1754385964912, 877.1929824561403, 556.140350877193]",1316,2772,Lower Left
train_669.png,"[530.8421052631578, 644.0701754385964, 899.9999999999999, 491.22807017543846]",1316,2772,Lower Right
train_290.png,"[1408.5294117647059, 398.52941176470586, 755.8823529411761, 344.1176470588234]",1316,2842,Upper Left
train_290.png,"[723.235294117647, 395.58823529411757, 702.9411764705882, 352.9411764705883]",1316,2842,Upper Right
train_290.png,"[1426.1764705882351, 636.7647058823529, 744.1176470588234, 420.58823529411757]",1316,2842,Lower Left
train_290.png,"[655.5882352941176, 616.1764705882351, 779.4117647058824, 450.0]",1316,2842,Lower Right
train_254.png,"[1460.3703703703702, 442.2222222222222, 738.8888888888889, 357.4074074074074]",1316,2918,Upper Left
train_254.png,"[845.4545454545454, 435.06493506493507, 623.3766233766233, 361.038961038961]",1316,2918,Upper Right
train_254.png,"[729.8701298701299, 725.974025974026, 755.8441558441559, 449.3506493506494]",1316,2918,Lower Right
train_254.png,"[1477.922077922078, 768.8311688311688, 735.0649350649348, 411.6883116883117]",1316,2918,Lower Left
train_271.png,"[1494.6666666666667, 324.5, 716.6666666666667, 425.0]",1316,2990,Upper Left
train_271.png,"[809.25, 339.08333333333337, 683.3333333333335, 414.58333333333337]",1316,2990,Upper Right
train_271.png,"[1496.75, 551.5833333333334, 854.166666666667, 529.1666666666666]",1316,2990,Lower Left
train_271.png,"[665.5, 543.25, 845.8333333333335, 568.75]",1316,2990,Lower Right
train_666.png,"[1420.9090909090908, 424.18181818181813, 847.2727272727273, 340.0]",1316,2864,Upper Left
train_666.png,"[702.7272727272726, 338.72727272727263, 747.2727272727271, 416.3636363636364]",1316,2864,Upper Right
train_666.png,"[1440.9090909090908, 711.4545454545454, 919.9999999999998, 429.0909090909091]",1316,2864,Lower Left
train_666.png,"[686.3636363636363, 704.1818181818181, 790.909090909091, 481.81818181818187]",1316,2864,Lower Right
train_440.png,"[1442.8181818181818, 264.18181818181813, 725.4545454545453, 434.5454545454545]",1316,2846,Upper Left
train_440.png,"[639.1818181818181, 176.90909090909088, 801.8181818181816, 540.0]",1316,2846,Upper Right
train_440.png,"[1442.8181818181818, 522.3636363636363, 834.5454545454543, 527.2727272727273]",1316,2846,Lower Left
train_440.png,"[519.1818181818181, 555.090909090909, 963.6363636363636, 603.6363636363635]",1316,2846,Lower Right
train_61.png,"[488.0, 229.0, 481.25, 313.75]",976,1976,Upper Right
train_61.png,"[964.25, 226.5, 447.5, 318.75]",976,1976,Upper Left
train_61.png,"[963.0, 431.5, 527.5, 352.5]",976,1976,Lower Left
train_61.png,"[404.25, 431.5, 572.5, 341.25]",976,1976,Lower Right
train_41.png,"[460.5, 259.0, 503.75, 285.0]",976,1976,Upper Right
train_41.png,"[954.25, 245.25, 447.5, 303.75]",976,1976,Upper Left
train_41.png,"[968.0, 447.75, 478.75, 333.75]",976,1976,Lower Left
train_41.png,"[408.0, 435.25, 591.25, 356.25]",976,1976,Lower Right
train_383.png,"[1404.6470588235293, 431.88235294117646, 745.0980392156862, 384.31372549019613]",1316,2830,Upper Left
train_383.png,"[673.2745098039215, 378.9411764705882, 745.0980392156862, 443.1372549019608]",1316,2830,Upper Right
train_383.png,"[1387.0, 690.7058823529412, 849.0196078431372, 500.0]",1316,2830,Lower Left
train_383.png,"[539.9411764705882, 592.6666666666666, 890.1960784313725, 596.0784313725491]",1316,2830,Lower Right
train_536.png,"[1428.6969696969695, 393.5757575757575, 824.2424242424245, 369.69696969696975]",1316,2878,Upper Left
train_536.png,"[737.7878787878788, 390.5454545454545, 700.0, 372.72727272727275]",1316,2878,Upper Right
train_536.png,"[1443.8484848484848, 617.8181818181818, 857.5757575757577, 503.030303030303]",1316,2878,Lower Left
train_536.png,"[683.2424242424242, 602.6666666666665, 809.090909090909, 527.2727272727273]",1316,2878,Lower Right
train_209.png,"[1371.2857142857142, 471.0, 794.2857142857142, 308.57142857142844]",1316,2785,Upper Left
train_209.png,"[651.2857142857142, 471.0, 731.4285714285713, 317.1428571428571]",1316,2785,Upper Right
train_209.png,"[1391.2857142857142, 645.2857142857142, 808.5714285714284, 474.2857142857142]",1316,2785,Lower Left
train_209.png,"[599.8571428571428, 705.2857142857142, 797.142857142857, 434.2857142857142]",1316,2785,Lower Right
train_682.png,"[1491.9999999999998, 372.7272727272727, 1041.8181818181818, 541.8181818181818]",1504,2868,Upper Left
train_682.png,"[462.9090909090909, 350.9090909090909, 1036.3636363636365, 569.0909090909091]",1504,2868,Upper Right
train_682.png,"[1466.5454545454545, 583.6363636363636, 1156.363636363636, 679.9999999999999]",1504,2868,Lower Left
train_682.png,"[330.18181818181813, 714.5454545454545, 1152.7272727272725, 603.6363636363635]",1504,2868,Lower Right
train_7.png,"[1468.3636363636363, 441.81818181818176, 894.5454545454543, 467.27272727272725]",1504,2868,Upper Left
train_7.png,"[633.8181818181818, 394.5454545454545, 847.2727272727273, 518.1818181818182]",1504,2868,Upper Right
train_7.png,"[1493.8181818181818, 749.090909090909, 927.2727272727273, 545.4545454545455]",1504,2868,Lower Left
train_7.png,"[559.2727272727273, 799.9999999999999, 960.0, 518.1818181818181]",1504,2868,Lower Right
train_654.png,"[1480.132075471698, 185.07547169811318, 639.6226415094338, 503.77358490566036]",1316,2991,Upper Left
train_654.png,"[929.188679245283, 207.71698113207543, 581.1320754716982, 494.3396226415094]",1316,2991,Upper Right
train_654.png,"[1510.3207547169811, 464.3207547169811, 862.2641509433963, 643.3962264150944]",1316,2991,Lower Left
train_654.png,"[810.3207547169811, 577.5283018867924, 783.0188679245282, 596.2264150943397]",1316,2991,Lower Right
train_54.png,"[655.132075471698, 355.16981132075466, 828.3018867924529, 386.7924528301887]",1316,2967,Upper Right
train_54.png,"[1474.0, 334.41509433962256, 781.132075471698, 437.7358490566039]",1316,2967,Upper Left
train_54.png,"[1462.6792452830189, 709.8867924528302, 760.3773584905659, 386.7924528301887]",1316,2967,Lower Left
train_54.png,"[690.9811320754717, 691.0188679245283, 775.4716981132075, 409.43396226415086]",1316,2967,Lower Right
train_233.png,"[952.0, 257.75, 435.0, 308.75]",976,1976,Upper Left
train_233.png,"[505.75, 246.5, 455.0, 321.25]",976,1976,Upper Right
train_233.png,"[957.0, 482.75, 506.25, 315.0]",976,1976,Lower Left
train_233.png,"[443.25, 487.75, 528.75, 307.5]",976,1976,Lower Right
train_568.png,"[807.2222222222222, 387.96296296296293, 635.1851851851852, 424.074074074074]",1316,2933,Upper Right
train_568.png,"[1435.0, 419.44444444444434, 668.5185185185182, 387.0370370370372]",1316,2933,Upper Left
train_568.png,"[1438.7037037037037, 695.3703703703703, 764.8148148148146, 481.4814814814814]",1316,2933,Lower Left
train_568.png,"[712.7777777777777, 647.2222222222222, 749.9999999999999, 537.037037037037]",1316,2933,Lower Right
train_493.png,"[773.8518518518518, 304.62962962962956, 694.4444444444445, 466.66666666666674]",1316,2908,Upper Right
train_493.png,"[1468.2962962962963, 341.66666666666663, 670.3703703703702, 431.4814814814814]",1316,2908,Upper Left
train_493.png,"[1457.185185185185, 613.8888888888888, 761.1111111111111, 487.03703703703707]",1316,2908,Lower Left
train_493.png,"[666.4444444444443, 587.9629629629629, 820.3703703703704, 518.5185185185184]",1316,2908,Lower Right
train_311.png,"[1524.9090909090908, 314.5454545454545, 947.2727272727273, 492.72727272727275]",1504,2872,Upper Left
train_311.png,"[659.4545454545454, 292.7272727272727, 885.4545454545454, 520.0]",1504,2872,Upper Right
train_311.png,"[1481.2727272727273, 765.4545454545454, 1067.2727272727273, 498.18181818181813]",1504,2872,Lower Left
train_311.png,"[515.8181818181818, 729.090909090909, 978.181818181818, 589.090909090909]",1504,2872,Lower Right
train_655.png,"[817.6296296296296, 263.8888888888888, 631.4814814814815, 524.074074074074]",1316,2940,Upper Right
train_655.png,"[1436.148148148148, 306.4814814814814, 624.0740740740741, 481.4814814814814]",1316,2940,Upper Left
train_655.png,"[1423.185185185185, 563.8888888888888, 775.9259259259259, 588.8888888888888]",1316,2940,Lower Left
train_655.png,"[656.5185185185185, 545.3703703703703, 800.0, 605.5555555555555]",1316,2940,Lower Right
train_225.png,"[980.952380952381, 215.23809523809524, 401.9047619047619, 331.4285714285714]",976,1976,Upper Left
train_225.png,"[463.8095238095238, 160.0, 519.047619047619, 388.57142857142856]",976,1976,Upper Right
train_225.png,"[969.047619047619, 371.42857142857144, 456.34920634920627, 380.1587301587301]",976,1976,Lower Left
train_225.png,"[410.85271317829455, 318.6046511627907, 562.7906976744187, 444.9612403100775]",976,1976,Lower Right
train_482.png,"[1391.4285714285713, 462.42857142857133, 725.7142857142856, 320.0]",1316,2750,Upper Left
train_482.png,"[785.7142857142857, 453.85714285714266, 625.7142857142857, 322.8571428571429]",1316,2750,Upper Right
train_482.png,"[1408.5714285714284, 670.9999999999998, 757.1428571428569, 434.28571428571445]",1316,2750,Lower Left
train_482.png,"[708.5714285714286, 653.8571428571427, 737.142857142857, 442.8571428571429]",1316,2750,Lower Right
train_487.png,"[1410.7142857142856, 270.6428571428571, 810.7142857142856, 453.57142857142856]",1316,2833,Upper Left
train_487.png,"[658.9285714285713, 229.57142857142856, 767.8571428571429, 491.07142857142856]",1316,2833,Upper Right
train_487.png,"[1408.9285714285713, 549.2142857142857, 903.5714285714287, 564.2857142857141]",1316,2833,Lower Left
train_487.png,"[592.8571428571428, 552.7857142857142, 830.3571428571428, 557.1428571428571]",1316,2833,Lower Right
train_3.png,"[753.7878787878788, 403.4848484848485, 709.090909090909, 406.060606060606]",1316,2862,Upper Right
train_3.png,"[1435.6060606060605, 406.5151515151515, 775.7575757575755, 387.87878787878776]",1316,2862,Upper Left
train_3.png,"[1444.6969696969695, 736.8181818181818, 742.4242424242425, 451.5151515151515]",1316,2862,Lower Left
train_3.png,"[741.6666666666666, 724.6969696969697, 733.3333333333334, 469.6969696969695]",1316,2862,Lower Right
train_0.png,"[1466.625, 256.5, 800.0, 390.625]",1316,2955,Upper Left
train_0.png,"[697.875, 281.5, 775.0, 371.875]",1316,2955,Upper Right
train_0.png,"[1491.625, 494.0, 837.5, 503.125]",1316,2955,Lower Left
train_0.png,"[601.0, 478.375, 900.0, 518.75]",1316,2955,Lower Right
train_663.png,"[863.3469387755102, 465.63265306122446, 630.6122448979592, 295.9183673469389]",1316,2964,Upper Right
train_663.png,"[1457.2244897959183, 432.9795918367347, 614.2857142857144, 306.1224489795918]",1316,2964,Upper Left
train_663.png,"[1469.4693877551022, 679.9183673469388, 669.387755102041, 375.51020408163276]",1316,2964,Lower Left
train_663.png,"[798.0408163265306, 714.6122448979593, 689.795918367347, 342.8571428571429]",1316,2964,Lower Right
train_292.png,"[1394.7543859649122, 328.28070175438586, 819.2982456140348, 398.24561403508767]",1316,2770,Upper Left
train_292.png,"[605.2807017543859, 305.47368421052624, 803.5087719298245, 422.8070175438596]",1316,2770,Upper Right
train_292.png,"[1417.5614035087717, 686.1754385964912, 838.5964912280704, 407.0175438596491]",1316,2770,Lower Left
train_292.png,"[535.1052631578947, 600.2105263157894, 931.5789473684209, 564.9122807017543]",1316,2770,Lower Right
train_19.png,"[1385.5882352941176, 354.4117647058823, 852.9411764705883, 394.11764705882354]",1316,2802,Upper Left
train_19.png,"[603.235294117647, 386.7647058823528, 788.235294117647, 364.7058823529411]",1316,2802,Upper Right
train_19.png,"[1379.705882352941, 645.5882352941176, 864.705882352941, 450.0]",1316,2802,Lower Left
train_19.png,"[509.11764705882354, 636.7647058823529, 885.2941176470587, 467.6470588235293]",1316,2802,Lower Right
train_617.png,"[1452.3061224489795, 377.8775510204082, 677.5510204081636, 395.9183673469388]",1316,2947,Upper Left
train_617.png,"[803.3265306122449, 412.57142857142856, 653.061224489796, 365.30612244897964]",1316,2947,Upper Right
train_617.png,"[670.6734693877551, 663.591836734694, 775.5102040816327, 410.204081632653]",1316,2947,Lower Right
train_617.png,"[1442.1020408163265, 571.7551020408164, 844.8979591836735, 504.0816326530612]",1316,2947,Lower Left
train_592.png,"[742.1481481481482, 300.92592592592587, 709.2592592592592, 401.85185185185185]",1316,2952,Upper Right
train_592.png,"[1431.037037037037, 250.92592592592587, 711.1111111111109, 435.1851851851852]",1316,2952,Upper Left
train_592.png,"[1464.3703703703702, 526.8518518518518, 777.7777777777776, 494.44444444444446]",1316,2952,Lower Left
train_592.png,"[694.0, 525.0, 783.3333333333333, 500.0]",1316,2952,Lower Right
train_541.png,"[714.5283018867924, 262.7169811320755, 756.6037735849056, 481.13207547169804]",1316,2999,Upper Right
train_541.png,"[1448.4905660377358, 219.32075471698113, 718.867924528302, 526.4150943396226]",1316,2999,Upper Left
train_541.png,"[1459.811320754717, 424.9811320754717, 737.7358490566037, 599.9999999999999]",1316,2999,Lower Left
train_541.png,"[712.6415094339623, 504.2264150943396, 760.3773584905659, 535.8490566037736]",1316,2999,Lower Right
train_113.png,"[1438.9629629629628, 366.2962962962963, 838.8888888888889, 368.5185185185185]",1316,2890,Upper Left
train_113.png,"[681.5555555555555, 379.25925925925924, 764.8148148148147, 372.2222222222222]",1316,2890,Upper Right
train_113.png,"[1435.2592592592591, 668.148148148148, 761.1111111111113, 383.33333333333326]",1316,2890,Lower Left
train_113.png,"[681.5555555555555, 734.8148148148148, 768.5185185185184, 387.03703703703695]",1316,2890,Lower Right
train_217.png,"[1475.6363636363635, 512.7272727272726, 956.3636363636365, 498.18181818181813]",1504,2868,Upper Left
train_217.png,"[606.5454545454545, 489.090909090909, 887.2727272727273, 534.5454545454545]",1504,2868,Upper Right
train_217.png,"[1461.090909090909, 872.7272727272726, 1025.4545454545455, 514.5454545454546]",1504,2868,Lower Left
train_217.png,"[544.7272727272726, 807.2727272727273, 939.9999999999999, 587.2727272727273]",1504,2868,Lower Right
train_634.png,"[1503.375, 450.25, 600.0, 431.25]",1316,2990,Upper Left
train_634.png,"[884.625, 437.75, 621.875, 459.375]",1316,2990,Upper Right
train_634.png,"[1431.5, 600.25, 800.0, 581.25]",1316,2990,Lower Left
train_634.png,"[728.375, 625.25, 721.875, 568.75]",1316,2990,Lower Right
train_404.png,"[1387.5714285714284, 243.85714285714283, 900.0, 464.2857142857143]",1316,2800,Upper Left
train_404.png,"[373.2857142857142, 268.85714285714283, 1060.7142857142856, 435.7142857142856]",1316,2800,Upper Right
train_404.png,"[1376.8571428571427, 625.9999999999999, 948.2142857142858, 564.2857142857143]",1316,2800,Lower Left
train_404.png,"[387.57142857142856, 674.2142857142857, 1021.4285714285712, 480.3571428571428]",1316,2800,Lower Right
train_117.png,"[1371.9090909090908, 409.6363636363636, 867.2727272727273, 389.090909090909]",1316,2846,Upper Left
train_117.png,"[642.8181818181818, 409.6363636363636, 738.1818181818182, 409.0909090909091]",1316,2846,Upper Right
train_117.png,"[1420.9999999999998, 689.6363636363635, 823.6363636363637, 485.4545454545455]",1316,2846,Lower Left
train_117.png,"[551.9090909090909, 698.7272727272726, 896.3636363636364, 501.81818181818187]",1316,2846,Lower Right
train_495.png,"[657.9393939393939, 312.5757575757575, 769.6969696969696, 396.969696969697]",1316,2840,Upper Right
train_495.png,"[1424.6060606060605, 312.5757575757575, 730.3030303030305, 387.878787878788]",1316,2840,Upper Left
train_495.png,"[1418.5454545454545, 667.121212121212, 790.909090909091, 406.060606060606]",1316,2840,Lower Left
train_495.png,"[557.9393939393939, 673.181818181818, 896.9696969696969, 415.15151515151524]",1316,2840,Lower Right
train_447.png,"[1415.4150943396226, 347.33962264150944, 611.3207547169811, 409.43396226415086]",1316,2971,Upper Left
train_447.png,"[805.7971014492753, 273.65217391304344, 634.7826086956522, 459.42028985507244]",1316,2971,Upper Right
train_447.png,"[1392.4242424242423, 624.2727272727273, 778.7878787878788, 469.69696969696975]",1316,2971,Lower Left
train_447.png,"[719.6969696969696, 657.6060606060606, 681.8181818181819, 469.69696969696963]",1316,2971,Lower Right
train_630.png,"[743.8148148148148, 506.4814814814814, 701.8518518518517, 398.14814814814815]",1316,2922,Upper Right
train_630.png,"[1436.4074074074074, 513.8888888888888, 720.3703703703704, 392.5925925925925]",1316,2922,Upper Left
train_630.png,"[1434.5555555555554, 712.037037037037, 744.4444444444446, 485.1851851851852]",1316,2922,Lower Left
train_630.png,"[723.4444444444443, 674.9999999999999, 716.6666666666667, 525.925925925926]",1316,2922,Lower Right
train_474.png,"[1495.6363636363635, 339.99999999999994, 974.5454545454545, 490.90909090909093]",1504,2868,Upper Left
train_474.png,"[704.7272727272726, 341.81818181818176, 807.2727272727271, 496.3636363636364]",1504,2868,Upper Right
train_474.png,"[1477.4545454545453, 676.3636363636363, 979.9999999999998, 563.6363636363637]",1504,2868,Lower Left
train_474.png,"[557.4545454545454, 739.9999999999999, 923.6363636363636, 610.9090909090909]",1504,2868,Lower Right
train_679.png,"[1395.6470588235293, 361.2941176470588, 778.4313725490197, 419.60784313725503]",1316,2812,Upper Left
train_679.png,"[666.2352941176471, 369.1372549019608, 743.1372549019607, 417.6470588235294]",1316,2812,Upper Right
train_679.png,"[1444.6666666666667, 653.4509803921569, 819.6078431372546, 456.8627450980391]",1316,2812,Lower Left
train_679.png,"[640.7450980392157, 688.7450980392157, 801.9607843137255, 423.52941176470586]",1316,2812,Lower Right
train_294.png,"[1418.941176470588, 398.52941176470586, 782.3529411764705, 370.58823529411757]",1316,2805,Upper Left
train_294.png,"[674.8235294117646, 407.3529411764705, 767.6470588235293, 352.9411764705883]",1316,2805,Upper Right
train_294.png,"[1392.470588235294, 625.0, 891.1764705882354, 497.0588235294117]",1316,2805,Lower Left
train_294.png,"[513.0588235294117, 586.7647058823529, 882.3529411764705, 523.5294117647059]",1316,2805,Lower Right
train_441.png,"[463.49999999999994, 187.57142857142856, 953.5714285714284, 524.9999999999999]",1316,2809,Upper Right
train_441.png,"[1408.142857142857, 189.35714285714283, 928.5714285714282, 523.2142857142856]",1316,2809,Upper Left
train_441.png,"[1418.8571428571427, 582.2142857142857, 866.0714285714284, 444.642857142857]",1316,2809,Lower Left
train_441.png,"[517.0714285714286, 582.2142857142857, 916.0714285714286, 453.57142857142856]",1316,2809,Lower Right
train_405.png,"[1457.2222222222222, 247.77777777777777, 781.4814814814813, 551.8518518518517]",1316,2907,Upper Left
train_405.png,"[664.6296296296296, 258.88888888888886, 803.7037037037037, 540.7407407407406]",1316,2907,Upper Right
train_405.png,"[1438.7037037037037, 542.2222222222222, 855.5555555555554, 618.5185185185185]",1316,2907,Lower Left
train_405.png,"[575.7407407407406, 610.7407407407406, 888.8888888888889, 537.037037037037]",1316,2907,Lower Right
train_92.png,"[1444.9090909090908, 281.4545454545454, 766.6666666666667, 375.75757575757586]",1316,2868,Upper Left
train_92.png,"[663.090909090909, 272.3636363636364, 796.969696969697, 390.9090909090909]",1316,2868,Upper Right
train_92.png,"[1420.6666666666665, 551.151515151515, 851.5151515151515, 472.72727272727275]",1316,2868,Lower Left
train_92.png,"[544.9090909090909, 557.2121212121212, 903.0303030303029, 463.6363636363635]",1316,2868,Lower Right
train_431.png,"[1335.3658536585365, 723.170731707317, 858.5365853658534, 345.1219512195122]",1316,2929,Lower Left
train_431.png,"[1362.1951219512193, 384.1463414634146, 857.3170731707319, 389.0243902439024]",1316,2929,Upper Left
train_431.png,"[628.0487804878048, 320.73170731707313, 745.1219512195121, 415.8536585365853]",1316,2929,Upper Right
train_431.png,"[585.3658536585366, 664.6341463414634, 786.5853658536583, 448.7804878048779]",1316,2929,Lower Right
train_518.png,"[1449.811320754717, 319.0377358490566, 866.0377358490566, 343.39622641509425]",1316,2954,Upper Left
train_518.png,"[751.6981132075472, 317.15094339622635, 698.1132075471697, 350.9433962264151]",1316,2954,Upper Right
train_518.png,"[1498.8679245283017, 607.7169811320754, 794.3396226415095, 430.18867924528297]",1316,2954,Lower Left
train_518.png,"[721.5094339622641, 611.4905660377358, 790.5660377358491, 464.15094339622647]",1316,2954,Lower Right
train_606.png,"[448.0, 236.5, 522.5, 310.0]",976,1976,Upper Right
train_606.png,"[963.0, 169.0, 435.0, 380.0]",976,1976,Upper Left
train_606.png,"[960.5, 367.75, 523.75, 395.0]",976,1976,Lower Left
train_606.png,"[446.75, 430.25, 518.75, 335.0]",976,1976,Lower Right
train_110.png,"[1490.375, 440.875, 775.0, 346.875]",1316,2965,Upper Left
train_110.png,"[737.25, 434.625, 756.25, 334.375]",1316,2965,Upper Right
train_110.png,"[1496.625, 609.625, 884.375, 543.75]",1316,2965,Lower Left
train_110.png,"[609.125, 640.875, 887.5, 509.375]",1316,2965,Lower Right
train_153.png,"[734.375, 408.5, 743.75, 387.5]",1316,2953,Upper Right
train_153.png,"[1468.75, 417.875, 725.0, 371.875]",1316,2953,Upper Left
train_153.png,"[1471.875, 730.375, 718.75, 400.0]",1316,2953,Lower Left
train_153.png,"[771.875, 746.0, 703.125, 396.875]",1316,2953,Lower Right
train_137.png,"[1385.764705882353, 419.1176470588234, 826.4705882352939, 452.9411764705883]",1316,2820,Upper Left
train_137.png,"[612.235294117647, 433.82352941176464, 814.7058823529411, 385.2941176470588]",1316,2820,Upper Right
train_137.png,"[1353.4117647058822, 760.2941176470588, 867.6470588235295, 388.2352941176471]",1316,2820,Lower Left
train_137.png,"[544.5882352941176, 719.1176470588234, 829.4117647058824, 382.3529411764705]",1316,2820,Lower Right
train_326.png,"[627.4999999999999, 325.07142857142856, 799.9999999999999, 442.8571428571428]",1316,2838,Upper Right
train_326.png,"[1414.9999999999998, 366.1428571428571, 783.9285714285713, 401.7857142857142]",1316,2838,Upper Left
train_326.png,"[1416.7857142857142, 639.3571428571428, 826.7857142857142, 474.9999999999999]",1316,2838,Lower Left
train_326.png,"[609.6428571428571, 644.7142857142857, 832.1428571428571, 474.9999999999999]",1316,2838,Lower Right
train_687.png,"[693.8181818181818, 292.9090909090909, 790.9090909090908, 349.090909090909]",1316,2893,Upper Right
train_687.png,"[1466.5454545454545, 285.6363636363636, 763.6363636363635, 410.9090909090909]",1316,2893,Upper Left
train_687.png,"[1468.3636363636363, 631.090909090909, 767.2727272727273, 463.6363636363635]",1316,2893,Lower Left
train_687.png,"[655.6363636363636, 621.9999999999999, 821.8181818181816, 492.72727272727263]",1316,2893,Lower Right
train_545.png,"[434.25, 271.5, 527.5, 283.75]",976,1976,Upper Right
train_545.png,"[950.5, 275.25, 485.0, 280.0]",976,1976,Upper Left
train_545.png,"[950.5, 496.5, 482.5, 303.75]",976,1976,Lower Left
train_545.png,"[481.75, 514.0, 475.0, 283.75]",976,1976,Lower Right
train_544.png,"[618.3571428571428, 314.3571428571428, 826.7857142857143, 444.6428571428571]",1316,2833,Upper Right
train_544.png,"[1427.2857142857142, 298.2857142857142, 771.4285714285711, 457.1428571428571]",1316,2833,Upper Left
train_544.png,"[1430.8571428571427, 614.3571428571428, 821.4285714285716, 501.78571428571433]",1316,2833,Lower Left
train_544.png,"[555.8571428571428, 626.8571428571428, 880.3571428571428, 496.42857142857144]",1316,2833,Lower Right
train_480.png,"[730.3508771929824, 184.52631578947364, 664.9122807017543, 524.5614035087718]",1316,2788,Upper Right
train_480.png,"[1382.9824561403507, 244.17543859649118, 666.6666666666665, 468.42105263157885]",1316,2788,Upper Left
train_480.png,"[1395.2631578947367, 459.9649122807017, 770.1754385964914, 599.9999999999999]",1316,2788,Lower Left
train_480.png,"[604.0350877192982, 479.26315789473676, 805.2631578947367, 582.456140350877]",1316,2788,Lower Right
train_231.png,"[1379.0588235294117, 451.47058823529414, 747.0588235294117, 341.17647058823513]",1316,2836,Upper Left
train_231.png,"[684.9411764705882, 425.0, 702.9411764705882, 364.705882352941]",1316,2836,Upper Right
train_231.png,"[1396.705882352941, 675.0, 767.6470588235293, 447.0588235294117]",1316,2836,Lower Left
train_231.png,"[579.0588235294117, 651.4705882352939, 832.3529411764705, 482.3529411764707]",1316,2836,Lower Right
train_108.png,"[1442.6666666666665, 414.44444444444446, 798.1481481481483, 398.14814814814815]",1316,2890,Upper Left
train_108.png,"[685.2592592592592, 416.2962962962963, 761.111111111111, 442.5925925925926]",1316,2890,Upper Right
train_108.png,"[1433.4074074074074, 719.9999999999999, 996.2962962962961, 429.6296296296297]",1316,2890,Lower Left
train_108.png,"[737.1111111111111, 723.7037037037037, 720.3703703703702, 466.6666666666665]",1316,2890,Lower Right
train_521.png,"[1428.0204081632653, 308.48979591836735, 783.673469387755, 377.55102040816325]",1316,2911,Upper Left
train_521.png,"[703.530612244898, 308.48979591836735, 742.857142857143, 385.71428571428567]",1316,2911,Upper Right
train_521.png,"[1423.938775510204, 624.8163265306123, 808.1632653061226, 448.9795918367347]",1316,2911,Lower Left
train_521.png,"[650.469387755102, 620.7346938775511, 816.3265306122449, 461.2244897959183]",1316,2911,Lower Right
train_309.png,"[1485.5, 359.91666666666674, 756.25, 393.75]",1316,2981,Upper Left
train_309.png,"[748.0, 391.16666666666674, 747.9166666666667, 368.75]",1316,2981,Upper Right
train_309.png,"[1491.75, 614.0833333333335, 883.3333333333335, 460.4166666666665]",1316,2981,Lower Left
train_309.png,"[664.6666666666667, 616.1666666666667, 841.6666666666667, 472.91666666666674]",1316,2981,Lower Right
train_5.png,"[1457.6363636363635, 449.090909090909, 1003.6363636363635, 390.9090909090909]",1504,2872,Upper Left
train_5.png,"[561.2727272727273, 350.9090909090909, 900.0, 492.72727272727263]",1504,2872,Upper Right
train_5.png,"[1493.9999999999998, 747.2727272727273, 936.3636363636363, 498.181818181818]",1504,2872,Lower Left
train_5.png,"[522.5555555555555, 645.4814814814814, 1060.8800272665303, 599.9172915246535]",1504,2872,Lower Right
train_424.png,"[587.4999999999999, 398.2857142857142, 851.7857142857143, 426.7857142857142]",1316,2807,Upper Right
train_424.png,"[1414.2857142857142, 394.71428571428567, 830.3571428571427, 430.3571428571428]",1316,2807,Upper Left
train_424.png,"[1405.3571428571427, 682.2142857142857, 876.7857142857142, 507.142857142857]",1316,2807,Lower Left
train_424.png,"[567.8571428571428, 760.7857142857142, 858.9285714285714, 428.57142857142844]",1316,2807,Lower Right
train_141.png,"[856.1509433962264, 349.5094339622641, 649.0566037735849, 405.66037735849056]",1316,3003,Upper Right
train_141.png,"[1503.3207547169811, 341.9622641509434, 696.2264150943395, 418.86792452830196]",1316,3003,Upper Left
train_141.png,"[1518.4150943396226, 568.3773584905659, 771.6981132075471, 516.9811320754718]",1316,3003,Lower Left
train_141.png,"[752.377358490566, 585.3584905660377, 766.0377358490565, 505.66037735849045]",1316,3003,Lower Right
train_87.png,"[1383.470588235294, 366.17647058823525, 864.7058823529412, 382.3529411764706]",1316,2787,Upper Left
train_87.png,"[562.8823529411765, 327.9411764705882, 829.4117647058823, 423.52941176470574]",1316,2787,Upper Right
train_87.png,"[1386.4117647058822, 583.8235294117646, 891.1764705882354, 538.2352941176471]",1316,2787,Lower Left
train_87.png,"[515.8235294117646, 580.8823529411764, 873.5294117647059, 544.1176470588234]",1316,2787,Lower Right
train_608.png,"[1416.5454545454545, 136.90909090909088, 860.0, 530.9090909090909]",1316,2848,Upper Left
train_608.png,"[578.3636363636363, 182.36363636363632, 865.4545454545455, 496.3636363636363]",1316,2848,Upper Right
train_608.png,"[1432.9090909090908, 491.4545454545454, 916.3636363636363, 590.9090909090909]",1316,2848,Lower Left
train_608.png,"[489.27272727272725, 536.9090909090909, 949.090909090909, 601.8181818181816]",1316,2848,Lower Right
train_538.png,"[1376.1764705882351, 410.2941176470588, 776.4705882352941, 385.2941176470588]",1316,2842,Upper Left
train_538.png,"[770.2941176470588, 445.58823529411757, 620.5882352941176, 352.9411764705883]",1316,2842,Upper Right
train_538.png,"[1396.764705882353, 672.0588235294117, 844.1176470588232, 444.1176470588234]",1316,2842,Lower Left
train_538.png,"[685.0, 727.9411764705881, 732.3529411764705, 400.0]",1316,2842,Lower Right
train_125.png,"[1438.111111111111, 303.33333333333326, 844.4444444444441, 474.07407407407413]",1316,2891,Upper Left
train_125.png,"[738.1111111111111, 286.66666666666663, 707.4074074074074, 483.33333333333326]",1316,2891,Upper Right
train_125.png,"[1458.4814814814813, 601.4814814814814, 898.1481481481483, 542.5925925925925]",1316,2891,Lower Left
train_125.png,"[630.7037037037037, 632.9629629629629, 842.5925925925926, 557.4074074074073]",1316,2891,Lower Right
train_223.png,"[1519.9622641509434, 241.67924528301882, 803.7735849056601, 494.3396226415095]",1316,2966,Upper Left
train_223.png,"[718.0754716981131, 177.5283018867924, 805.6603773584906, 566.0377358490566]",1316,2966,Upper Right
train_223.png,"[1521.8490566037735, 526.5849056603773, 813.2075471698113, 554.7169811320754]",1316,2966,Lower Left
train_223.png,"[595.4339622641509, 486.9622641509434, 941.5094339622641, 683.0188679245282]",1316,2966,Lower Right
train_656.png,"[1462.9090909090908, 354.5454545454545, 1127.2727272727273, 520.0]",1504,2868,Upper Left
train_656.png,"[421.09090909090907, 319.99999999999994, 1049.090909090909, 558.1818181818182]",1504,2868,Upper Right
train_656.png,"[1444.7272727272725, 809.090909090909, 1121.818181818182, 476.36363636363626]",1504,2868,Lower Left
train_656.png,"[393.8181818181818, 772.7272727272726, 1076.3636363636363, 559.9999999999999]",1504,2868,Lower Right
train_328.png,"[1410.2807017543857, 282.66666666666663, 789.4736842105265, 428.0701754385964]",1316,2780,Upper Left
train_328.png,"[599.7543859649122, 286.1754385964912, 822.8070175438595, 408.7719298245613]",1316,2780,Upper Right
train_328.png,"[1445.3684210526314, 645.8245614035087, 826.3157894736839, 510.52631578947364]",1316,2780,Lower Left
train_328.png,"[545.3684210526316, 623.017543859649, 921.0526315789472, 531.5789473684212]",1316,2780,Lower Right
train_534.png,"[1497.5833333333335, 193.25, 789.5833333333335, 481.25]",1316,3001,Upper Left
train_534.png,"[772.5833333333334, 255.75, 752.0833333333334, 427.0833333333335]",1316,3001,Upper Right
train_534.png,"[1522.5833333333335, 418.25, 881.25, 604.1666666666667]",1316,3001,Lower Left
train_534.png,"[558.0, 437.0, 981.25, 604.1666666666667]",1316,3001,Lower Right
train_188.png,"[1429.0, 451.4814814814814, 831.4814814814813, 350.0000000000001]",1316,2895,Upper Left
train_188.png,"[662.3333333333333, 453.33333333333326, 770.3703703703704, 353.7037037037037]",1316,2895,Upper Right
train_188.png,"[1434.375, 740.625, 812.5, 364.0625]",1316,2895,Lower Left
train_188.png,"[632.8125, 750.0, 806.25, 410.9375]",1316,2895,Lower Right
train_686.png,"[548.2142857142857, 285.7857142857142, 891.0714285714286, 405.3571428571429]",1316,2808,Upper Right
train_686.png,"[1428.5714285714284, 278.6428571428571, 691.0714285714284, 421.42857142857133]",1316,2808,Upper Left
train_686.png,"[1401.7857142857142, 564.3571428571428, 764.2857142857142, 501.78571428571433]",1316,2808,Lower Left
train_686.png,"[612.4999999999999, 594.7142857142857, 805.3571428571428, 473.21428571428567]",1316,2808,Lower Right
train_513.png,"[589.3333333333334, 394.66666666666674, 733.3333333333334, 471.66666666666674]",1316,2659,Upper Right
train_513.png,"[1316.0, 384.66666666666674, 715.0, 485.0]",1316,2659,Upper Left
train_513.png,"[1322.6666666666667, 711.3333333333334, 795.0000000000002, 463.33333333333337]",1316,2659,Lower Left
train_513.png,"[484.33333333333337, 744.6666666666667, 855.0000000000001, 451.66666666666674]",1316,2659,Lower Right
train_683.png,"[581.030303030303, 539.9090909090909, 896.969696969697, 421.21212121212113]",1504,2868,Upper Right
train_683.png,"[1465.8787878787878, 533.8484848484848, 890.9090909090908, 406.060606060606]",1504,2868,Upper Left
train_683.png,"[1459.8181818181818, 864.151515151515, 1003.0303030303028, 484.848484848485]",1504,2868,Lower Left
train_683.png,"[578.0, 930.8181818181818, 896.969696969697, 424.24242424242425]",1504,2868,Lower Right
train_112.png,"[968.25, 267.75, 430.0, 283.75]",976,1976,Upper Left
train_112.png,"[549.5, 257.75, 423.75, 293.75]",976,1976,Upper Right
train_112.png,"[975.75, 430.25, 463.75, 337.5]",976,1976,Lower Left
train_112.png,"[457.0, 445.25, 531.25, 317.5]",976,1976,Lower Right
train_393.png,"[1398.5454545454545, 336.9090909090909, 685.4545454545455, 345.4545454545454]",1316,2852,Upper Left
train_393.png,"[783.9999999999999, 275.09090909090907, 643.6363636363636, 436.3636363636363]",1316,2852,Upper Right
train_393.png,"[1406.9444444444446, 659.7222222222223, 680.5555555555554, 422.2222222222223]",1316,2852,Lower Left
train_393.png,"[822.2222222222223, 690.2777777777778, 595.8333333333334, 401.3888888888889]",1316,2852,Lower Right
train_355.png,"[1503.960396039604, 276.23762376237624, 765.3465346534654, 470.2970297029703]",1316,2991,Upper Left
train_355.png,"[901.5625, 265.625, 609.375, 482.8125]",1316,2991,Upper Right
train_355.png,"[1515.625, 612.5, 750.0, 510.9375]",1316,2991,Lower Left
train_355.png,"[801.5625, 668.75, 721.875, 462.5]",1316,2991,Lower Right
train_457.png,"[662.4117647058823, 293.88235294117646, 735.2941176470587, 397.0588235294116]",1316,2791,Upper Right
train_457.png,"[1391.8235294117646, 288.0, 691.1764705882354, 402.94117647058806]",1316,2791,Upper Left
train_457.png,"[1391.8235294117646, 567.4117647058823, 735.2941176470588, 491.17647058823525]",1316,2791,Lower Left
train_457.png,"[653.5882352941176, 561.5294117647059, 741.1764705882354, 500.0]",1316,2791,Lower Right
train_58.png,"[642.7857142857142, 451.8571428571428, 783.9285714285713, 371.42857142857144]",1316,2840,Upper Right
train_58.png,"[1421.3571428571427, 442.92857142857133, 739.2857142857142, 362.5]",1316,2840,Upper Left
train_58.png,"[1424.9285714285713, 710.7857142857142, 878.5714285714287, 405.3571428571429]",1316,2840,Lower Left
train_58.png,"[607.0714285714286, 725.0714285714284, 833.9285714285712, 405.3571428571429]",1316,2840,Lower Right
train_385.png,"[1486.0, 226.58333333333337, 577.0833333333335, 479.16666666666663]",1316,2989,Upper Left
train_385.png,"[898.5, 245.33333333333337, 593.75, 468.7500000000001]",1316,2989,Upper Right
train_385.png,"[1477.6666666666667, 459.91666666666674, 700.0000000000002, 577.0833333333333]",1316,2989,Lower Left
train_385.png,"[769.3333333333334, 503.66666666666674, 714.5833333333334, 541.6666666666667]",1316,2989,Lower Right
train_86.png,"[783.7735849056603, 374.0377358490566, 715.0943396226414, 390.566037735849]",1316,2979,Upper Right
train_86.png,"[1495.0943396226414, 377.8113207547169, 705.6603773584905, 388.6792452830189]",1316,2979,Upper Left
train_86.png,"[1495.0943396226414, 592.9056603773585, 807.5471698113208, 562.2641509433962]",1316,2979,Lower Left
train_86.png,"[702.6415094339623, 609.8867924528302, 805.6603773584905, 550.943396226415]",1316,2979,Lower Right
train_452.png,"[640.7575757575758, 327.72727272727263, 784.8484848484848, 384.8484848484849]",1316,2842,Upper Right
train_452.png,"[1401.3636363636363, 303.4848484848485, 848.4848484848483, 366.6666666666665]",1316,2842,Upper Left
train_452.png,"[1431.6666666666665, 597.4242424242423, 881.818181818182, 439.3939393939395]",1316,2842,Lower Left
train_452.png,"[631.6666666666666, 645.9090909090908, 836.3636363636364, 393.939393939394]",1316,2842,Lower Right
train_66.png,"[973.25, 229.0, 471.25, 337.5]",976,1976,Upper Left
train_66.png,"[398.25, 212.75, 577.5, 353.75]",976,1976,Upper Right
train_66.png,"[978.25, 427.75, 527.5, 395.0]",976,1976,Lower Left
train_66.png,"[390.75, 465.25, 597.5, 360.0]",976,1976,Lower Right
train_300.png,"[552.1724137931035, 122.75862068965517, 839.6551724137933, 439.6551724137932]",1316,2753,Upper Right
train_300.png,"[1386.6551724137933, 121.0344827586207, 801.7241379310346, 453.44827586206907]",1316,2753,Upper Left
train_300.png,"[1419.4137931034484, 450.344827586207, 839.655172413793, 524.1379310344828]",1316,2753,Lower Left
train_300.png,"[500.448275862069, 440.0, 932.7586206896551, 544.8275862068967]",1316,2753,Lower Right
train_500.png,"[548.0689655172414, 343.44827586206895, 808.6206896551726, 463.79310344827593]",1316,2732,Upper Right
train_500.png,"[1351.5172413793105, 338.2758620689656, 774.1379310344826, 489.655172413793]",1316,2732,Upper Left
train_500.png,"[1349.793103448276, 745.1724137931035, 722.4137931034481, 379.3103448275863]",1316,2732,Lower Left
train_500.png,"[530.8275862068966, 684.8275862068966, 827.5862068965517, 448.27586206896547]",1316,2732,Lower Right
train_531.png,"[642.3859649122807, 266.98245614035085, 740.3508771929822, 371.92982456140345]",1316,2783,Upper Right
train_531.png,"[1373.9649122807016, 263.47368421052624, 740.3508771929826, 392.9824561403509]",1316,2783,Upper Left
train_531.png,"[1366.9473684210525, 621.3684210526314, 712.280701754386, 456.140350877193]",1316,2783,Lower Left
train_531.png,"[684.4912280701753, 616.1052631578947, 691.2280701754385, 466.66666666666663]",1316,2783,Lower Right
train_246.png,"[611.037037037037, 262.03703703703695, 859.2592592592594, 379.6296296296297]",1316,2911,Upper Right
train_246.png,"[1462.8888888888887, 263.8888888888888, 859.2592592592591, 412.96296296296293]",1316,2911,Upper Left
train_246.png,"[1449.9259259259259, 613.8888888888888, 829.6296296296293, 440.74074074074076]",1316,2911,Lower Left
train_246.png,"[570.2962962962963, 465.74074074074065, 881.4814814814813, 596.2962962962963]",1316,2911,Lower Right
train_35.png,"[1410.4999999999998, 413.4999999999999, 746.4285714285713, 425.0000000000001]",1316,2829,Upper Left
train_35.png,"[592.6428571428571, 433.1428571428571, 826.7857142857142, 398.21428571428555]",1316,2829,Upper Right
train_35.png,"[1414.9253731343283, 669.9402985074627, 850.7462686567164, 514.9253731343282]",1316,2829,Lower Left
train_35.png,"[531.3432835820895, 705.7611940298507, 886.5671641791043, 507.46268656716416]",1316,2829,Lower Right
train_315.png,"[765.9649122807017, 312.59649122807014, 659.6491228070175, 519.2982456140351]",1316,2767,Upper Right
train_315.png,"[1408.0701754385964, 351.19298245614027, 612.2807017543857, 480.70175438596493]",1316,2767,Upper Left
train_315.png,"[1376.4912280701753, 677.5087719298244, 787.7192982456138, 492.9824561403509]",1316,2767,Lower Left
train_315.png,"[678.2456140350877, 681.017543859649, 710.5263157894736, 499.9999999999999]",1316,2767,Lower Right
train_456.png,"[732.6428571428571, 301.8571428571428, 675.0, 476.7857142857142]",1316,2833,Upper Right
train_456.png,"[1407.642857142857, 328.6428571428571, 710.7142857142856, 448.21428571428567]",1316,2833,Upper Left
train_456.png,"[1412.9999999999998, 580.4285714285713, 708.9285714285713, 560.7142857142858]",1316,2833,Lower Left
train_456.png,"[657.6428571428571, 605.4285714285713, 757.1428571428571, 542.8571428571429]",1316,2833,Lower Right
train_466.png,"[1484.5555555555554, 227.4074074074074, 783.3333333333333, 579.6296296296296]",1316,2895,Upper Left
train_466.png,"[634.5555555555555, 223.7037037037037, 868.5185185185184, 579.6296296296296]",1316,2895,Upper Right
train_466.png,"[1473.4444444444443, 566.2962962962962, 955.5555555555557, 640.7407407407408]",1316,2895,Lower Left
train_466.png,"[604.9259259259259, 599.6296296296296, 883.3333333333333, 592.5925925925926]",1316,2895,Lower Right
train_263.png,"[683.4339622641509, 300.4528301886792, 777.3584905660376, 454.7169811320755]",1316,2967,Upper Right
train_263.png,"[1453.245283018868, 298.566037735849, 818.8679245283017, 441.5094339622642]",1316,2967,Upper Left
train_263.png,"[1483.433962264151, 700.4528301886792, 769.8113207547167, 409.433962264151]",1316,2967,Lower Left
train_263.png,"[717.3962264150942, 730.6415094339623, 766.0377358490567, 390.566037735849]",1316,2967,Lower Right
train_240.png,"[675.2857142857142, 446.4999999999999, 700.0, 367.8571428571428]",1316,2829,Upper Right
train_240.png,"[1366.3571428571427, 441.1428571428571, 741.0714285714284, 373.21428571428555]",1316,2829,Upper Left
train_240.png,"[1394.9285714285713, 735.7857142857142, 755.3571428571429, 444.6428571428571]",1316,2829,Lower Left
train_240.png,"[616.3571428571428, 733.9999999999999, 782.142857142857, 449.9999999999999]",1316,2829,Lower Right
train_166.png,"[1463.25, 375.25, 665.625, 396.875]",1316,2966,Upper Left
train_166.png,"[875.75, 415.875, 593.75, 368.75]",1316,2966,Upper Right
train_166.png,"[1472.625, 590.875, 753.125, 515.625]",1316,2966,Lower Left
train_166.png,"[753.875, 600.25, 740.625, 509.375]",1316,2966,Lower Right
train_603.png,"[1355.5714285714284, 339.57142857142844, 868.5714285714284, 340.0]",1316,2724,Upper Left
train_603.png,"[521.2857142857142, 348.1428571428571, 845.7142857142856, 342.85714285714266]",1316,2724,Upper Right
train_603.png,"[1361.2857142857142, 573.8571428571427, 985.7142857142858, 474.2857142857142]",1316,2724,Lower Left
train_603.png,"[432.71428571428567, 591.0, 945.7142857142857, 471.42857142857133]",1316,2724,Lower Right
train_604.png,"[697.2592592592592, 189.81481481481478, 738.8888888888888, 481.4814814814814]",1316,2940,Upper Right
train_604.png,"[1419.4814814814813, 217.59259259259255, 833.3333333333335, 457.40740740740733]",1316,2940,Upper Left
train_604.png,"[1469.4814814814813, 521.2962962962962, 885.1851851851852, 561.1111111111112]",1316,2940,Lower Left
train_604.png,"[658.3703703703703, 515.7407407407406, 829.6296296296297, 572.2222222222222]",1316,2940,Lower Right
train_199.png,"[1510.181818181818, 450.9090909090909, 976.3636363636365, 398.18181818181813]",1504,2868,Upper Left
train_199.png,"[566.5454545454545, 429.090909090909, 963.6363636363635, 409.0909090909091]",1504,2868,Upper Right
train_199.png,"[1484.7272727272725, 756.3636363636363, 1060.0, 485.4545454545455]",1504,2868,Lower Left
train_199.png,"[433.81818181818176, 809.090909090909, 1052.7272727272727, 425.4545454545455]",1504,2868,Lower Right
train_285.png,"[1422.4545454545453, 307.81818181818176, 852.7272727272727, 414.5454545454545]",1316,2879,Upper Left
train_285.png,"[582.4545454545454, 302.3636363636364, 850.9090909090909, 427.27272727272714]",1316,2879,Upper Right
train_285.png,"[1409.7272727272725, 635.090909090909, 872.727272727273, 458.18181818181824]",1316,2879,Lower Left
train_285.png,"[580.6363636363636, 622.3636363636363, 832.7272727272726, 472.72727272727275]",1316,2879,Lower Right
train_319.png,"[647.8771929824561, 373.8947368421052, 743.8596491228068, 428.0701754385965]",1316,2777,Upper Right
train_319.png,"[1384.7192982456138, 372.1403508771929, 749.1228070175437, 436.8421052631579]",1316,2777,Upper Left
train_319.png,"[1381.2105263157894, 630.0350877192982, 826.3157894736839, 501.7543859649122]",1316,2777,Lower Left
train_319.png,"[563.6666666666666, 631.7894736842104, 824.5614035087718, 521.0526315789473]",1316,2777,Lower Right
train_210.png,"[722.5, 352.0, 685.0, 420.0]",1316,2833,Upper Right
train_210.png,"[1412.5, 344.5, 692.5, 427.5]",1316,2833,Upper Left
train_210.png,"[1420.0, 574.5, 787.5, 552.5]",1316,2833,Lower Left
train_210.png,"[645.0, 562.0, 777.5, 565.0]",1316,2833,Lower Right
train_400.png,"[1489.5348837209303, 480.2325581395349, 737.2093023255811, 454.6511627906977]",1504,2868,Upper Left
train_400.png,"[768.6046511627907, 524.4186046511628, 727.9069767441862, 417.4418604651163]",1504,2868,Upper Right
train_400.png,"[1468.6046511627908, 753.4883720930233, 886.0465116279067, 510.4651162790698]",1504,2868,Lower Left
train_400.png,"[708.1395348837209, 858.1395348837209, 768.6046511627908, 422.09302325581393]",1504,2868,Lower Right
train_502.png,"[578.9649122807017, 342.42105263157885, 833.3333333333331, 391.2280701754386]",1316,2794,Upper Right
train_502.png,"[1403.5263157894735, 331.8947368421052, 771.9298245614034, 373.6842105263157]",1316,2794,Upper Left
train_502.png,"[1392.9999999999998, 686.2807017543859, 770.1754385964912, 421.0526315789474]",1316,2794,Lower Left
train_502.png,"[592.9999999999999, 695.0526315789473, 836.8421052631578, 421.0526315789473]",1316,2794,Lower Right
train_573.png,"[1449.4074074074074, 423.7037037037037, 633.333333333333, 340.74074074074065]",1316,2922,Upper Left
train_573.png,"[858.6666666666666, 351.4814814814814, 601.8518518518518, 424.07407407407413]",1316,2922,Upper Right
train_573.png,"[1451.2592592592591, 708.8888888888888, 685.1851851851852, 409.25925925925924]",1316,2922,Lower Left
train_573.png,"[758.6666666666666, 586.6666666666666, 722.2222222222221, 520.3703703703703]",1316,2922,Lower Right
train_588.png,"[748.2592592592592, 293.5185185185185, 698.1481481481482, 429.62962962962956]",1316,2942,Upper Right
train_588.png,"[1420.4814814814813, 310.1851851851851, 681.4814814814818, 416.66666666666663]",1316,2942,Upper Left
train_588.png,"[1407.5185185185185, 584.2592592592592, 766.6666666666667, 507.4074074074073]",1316,2942,Lower Left
train_588.png,"[640.8518518518518, 569.4444444444443, 770.3703703703703, 537.037037037037]",1316,2942,Lower Right
train_204.png,"[1472.0, 259.0, 724.0, 454.0]",1316,2866,Upper Left
train_204.png,"[742.0, 361.0, 734.0, 358.0]",1316,2866,Upper Right
train_204.png,"[1440.0, 521.0, 870.0, 546.0]",1316,2866,Lower Left
train_204.png,"[592.0, 551.0, 866.0, 514.0]",1316,2866,Lower Right
train_250.png,"[1511.9999999999998, 478.18181818181813, 909.0909090909092, 441.81818181818187]",1504,2868,Upper Left
train_250.png,"[593.8181818181818, 372.7272727272727, 952.7272727272727, 538.181818181818]",1504,2868,Upper Right
train_250.png,"[1511.9999999999998, 732.7272727272726, 980.0000000000002, 590.9090909090909]",1504,2868,Lower Left
train_250.png,"[513.8181818181818, 758.1818181818181, 1025.4545454545455, 572.7272727272726]",1504,2868,Lower Right
train_266.png,"[614.4545454545454, 314.72727272727263, 798.1818181818181, 385.4545454545455]",1316,2888,Upper Right
train_266.png,"[1407.181818181818, 309.27272727272725, 872.7272727272725, 385.4545454545454]",1316,2888,Upper Left
train_266.png,"[1416.2727272727273, 678.3636363636363, 858.1818181818182, 389.090909090909]",1316,2888,Lower Left
train_266.png,"[567.1818181818181, 636.5454545454545, 867.2727272727271, 438.181818181818]",1316,2888,Lower Right
train_127.png,"[1376.941176470588, 260.2941176470588, 873.5294117647061, 367.6470588235293]",1316,2820,Upper Left
train_127.png,"[594.5882352941176, 260.2941176470588, 788.2352941176471, 467.6470588235293]",1316,2820,Upper Right
train_127.png,"[1456.3529411764705, 530.8823529411764, 876.4705882352939, 500.0]",1316,2820,Lower Left
train_127.png,"[559.2941176470588, 607.3529411764705, 914.7058823529412, 438.2352941176471]",1316,2820,Lower Right
train_451.png,"[1421.2352941176468, 442.6470588235293, 752.9411764705883, 361.7647058823529]",1316,2839,Upper Left
train_451.png,"[650.6470588235294, 460.2941176470588, 785.2941176470587, 350.0]",1316,2839,Upper Right
train_451.png,"[1438.8823529411764, 651.4705882352939, 805.8823529411764, 529.4117647058824]",1316,2839,Lower Left
train_451.png,"[609.470588235294, 742.6470588235293, 885.2941176470589, 432.3529411764705]",1316,2839,Lower Right
train_313.png,"[1450.75, 344.0, 728.125, 365.625]",1316,2966,Upper Left
train_313.png,"[775.75, 334.625, 709.375, 381.25]",1316,2966,Upper Right
train_313.png,"[1488.25, 587.75, 828.125, 484.375]",1316,2966,Lower Left
train_313.png,"[707.0, 547.125, 862.5, 543.75]",1316,2966,Lower Right
train_428.png,"[727.8571428571428, 358.9999999999999, 714.2857142857143, 412.5]",1316,2828,Upper Right
train_428.png,"[1431.4285714285713, 348.2857142857142, 708.9285714285713, 426.7857142857142]",1316,2828,Upper Left
train_428.png,"[1415.3571428571427, 667.9285714285713, 712.5, 473.2142857142858]",1316,2828,Lower Left
train_428.png,"[713.5714285714286, 632.2142857142857, 749.9999999999999, 505.3571428571428]",1316,2828,Lower Right
train_273.png,"[789.5454545454545, 311.090909090909, 687.2727272727273, 383.6363636363636]",1316,2899,Upper Right
train_273.png,"[1471.3636363636363, 318.36363636363626, 641.8181818181818, 372.72727272727275]",1316,2899,Upper Left
train_273.png,"[1444.090909090909, 611.090909090909, 770.909090909091, 450.909090909091]",1316,2899,Lower Left
train_273.png,"[734.9999999999999, 580.1818181818181, 730.9090909090909, 485.4545454545454]",1316,2899,Lower Right
train_101.png,"[674.4545454545454, 214.7272727272727, 765.4545454545454, 443.63636363636357]",1316,2888,Upper Right
train_101.png,"[1416.2727272727273, 216.5454545454545, 807.2727272727273, 436.3636363636364]",1316,2888,Upper Left
train_101.png,"[1445.3636363636363, 538.3636363636363, 885.4545454545453, 512.7272727272727]",1316,2888,Lower Left
train_101.png,"[629.0, 558.3636363636363, 829.090909090909, 496.36363636363626]",1316,2888,Lower Right
train_169.png,"[1531.0754716981132, 386.9622641509434, 716.9811320754716, 362.2641509433962]",1316,2991,Upper Left
train_169.png,"[963.1509433962264, 386.9622641509434, 599.9999999999999, 366.0377358490566]",1316,2991,Upper Right
train_169.png,"[1514.0943396226414, 581.3018867924528, 828.3018867924527, 486.7924528301886]",1316,2991,Lower Left
train_169.png,"[738.622641509434, 596.3962264150942, 788.6792452830188, 492.4528301886793]",1316,2991,Lower Right
train_303.png,"[728.2051282051282, 399.35897435897436, 694.8717948717949, 364.102564102564]",1316,2780,Upper Right
train_303.png,"[1415.3846153846152, 386.53846153846155, 697.4358974358975, 366.66666666666663]",1316,2780,Upper Left
train_303.png,"[1410.2564102564102, 650.6410256410256, 805.1282051282051, 438.46153846153834]",1316,2780,Lower Left
train_303.png,"[594.8717948717948, 681.4102564102564, 835.8974358974359, 438.46153846153857]",1316,2780,Lower Right
train_511.png,"[1363.8571428571427, 322.42857142857133, 794.6428571428573, 428.57142857142856]",1316,2824,Upper Left
train_511.png,"[695.9999999999999, 315.2857142857142, 683.9285714285714, 469.6428571428571]",1316,2824,Upper Right
train_511.png,"[1383.4999999999998, 647.4285714285713, 900.0000000000002, 444.6428571428571]",1316,2824,Lower Left
train_511.png,"[672.7857142857142, 729.5714285714284, 735.7142857142856, 401.7857142857142]",1316,2824,Lower Right
train_162.png,"[648.3571428571428, 362.57142857142856, 771.4285714285714, 391.07142857142844]",1316,2843,Upper Right
train_162.png,"[1417.9999999999998, 373.2857142857142, 769.6428571428571, 382.1428571428571]",1316,2843,Upper Left
train_162.png,"[1430.4999999999998, 655.4285714285713, 753.5714285714287, 505.3571428571429]",1316,2843,Lower Left
train_162.png,"[653.7142857142857, 651.8571428571428, 805.3571428571428, 482.142857142857]",1316,2843,Lower Right
train_255.png,"[446.75, 224.0, 525.0, 327.5]",976,1976,Upper Right
train_255.png,"[955.5, 195.25, 486.25, 353.75]",976,1976,Upper Left
train_255.png,"[959.25, 396.5, 513.75, 395.0]",976,1976,Lower Left
train_255.png,"[410.5, 431.5, 562.5, 370.0]",976,1976,Lower Right
train_485.png,"[1479.6610169491526, 344.35593220338984, 759.3220338983053, 477.96610169491527]",1316,2922,Upper Left
train_485.png,"[779.6610169491526, 354.52542372881356, 698.3050847457628, 479.6610169491526]",1316,2922,Upper Right
train_485.png,"[1522.033898305085, 613.8474576271187, 815.2542372881355, 571.1864406779662]",1316,2922,Lower Left
train_485.png,"[683.0508474576271, 622.3220338983051, 842.3728813559322, 586.4406779661017]",1316,2922,Lower Right
train_436.png,"[1466.7272727272727, 232.96969696969688, 712.1212121212118, 509.0909090909091]",1316,2948,Upper Left
train_436.png,"[772.7878787878788, 287.5151515151515, 700.0, 463.6363636363635]",1316,2948,Upper Right
train_436.png,"[1472.7878787878788, 502.6666666666665, 845.4545454545453, 587.878787878788]",1316,2948,Lower Left
train_436.png,"[612.1818181818181, 499.6363636363635, 869.6969696969696, 600.0]",1316,2948,Lower Right
train_645.png,"[614.3636363636364, 509.6060606060605, 869.6969696969696, 433.33333333333326]",1504,2868,Upper Right
train_645.png,"[1450.7272727272727, 476.27272727272725, 909.0909090909088, 469.69696969696975]",1504,2868,Upper Left
train_645.png,"[1508.3030303030303, 827.7878787878788, 939.3939393939393, 503.030303030303]",1504,2868,Lower Left
train_645.png,"[547.6969696969696, 818.6969696969697, 996.9696969696969, 524.242424242424]",1504,2868,Lower Right
train_438.png,"[1465.7924528301885, 324.6981132075472, 728.3018867924527, 416.9811320754717]",1316,2952,Upper Left
train_438.png,"[892.2075471698113, 315.2641509433962, 600.0, 428.3018867924528]",1316,2952,Upper Right
train_438.png,"[1465.7924528301885, 732.2452830188679, 760.3773584905659, 371.69811320754707]",1316,2952,Lower Left
train_438.png,"[879.0, 649.2264150943396, 616.9811320754716, 460.37735849056605]",1316,2952,Lower Right
train_388.png,"[745.9090909090909, 351.090909090909, 678.1818181818181, 405.4545454545455]",1316,2860,Upper Right
train_388.png,"[1409.5454545454545, 358.36363636363626, 770.909090909091, 392.72727272727275]",1316,2860,Upper Left
train_388.png,"[1424.090909090909, 672.9090909090909, 858.181818181818, 432.72727272727263]",1316,2860,Lower Left
train_388.png,"[671.3636363636363, 647.4545454545454, 761.8181818181818, 469.0909090909091]",1316,2860,Lower Right
train_220.png,"[855.3636363636363, 483.27272727272725, 678.1818181818182, 421.81818181818176]",1504,2868,Upper Right
train_220.png,"[1506.2727272727273, 472.36363636363626, 638.1818181818182, 436.3636363636365]",1504,2868,Upper Left
train_220.png,"[1380.8181818181818, 819.6363636363635, 839.9999999999998, 501.81818181818176]",1504,2868,Lower Left
train_220.png,"[698.9999999999999, 768.7272727272726, 745.4545454545454, 534.5454545454546]",1504,2868,Lower Right
train_591.png,"[723.4814814814814, 345.3703703703703, 796.2962962962962, 468.5185185185186]",1316,2948,Upper Right
train_591.png,"[1492.0, 408.33333333333326, 703.7037037037035, 405.55555555555566]",1316,2948,Upper Left
train_591.png,"[1471.6296296296296, 689.8148148148148, 779.6296296296296, 475.92592592592587]",1316,2948,Lower Left
train_591.png,"[619.7777777777777, 550.9259259259259, 877.7777777777777, 618.5185185185185]",1316,2948,Lower Right
train_505.png,"[1443.75, 390.875, 700.0, 384.375]",1316,3003,Upper Left
train_505.png,"[793.75, 406.5, 646.875, 362.5]",1316,3003,Upper Right
train_505.png,"[1450.0, 615.875, 734.375, 475.0]",1316,3003,Lower Left
train_505.png,"[743.75, 625.25, 709.375, 481.25]",1316,3003,Lower Right
train_291.png,"[732.4444444444443, 305.1851851851851, 733.3333333333333, 474.07407407407413]",1316,2914,Upper Right
train_291.png,"[1462.074074074074, 307.03703703703695, 744.4444444444443, 468.5185185185186]",1316,2914,Upper Left
train_291.png,"[1456.5185185185185, 553.3333333333333, 918.5185185185185, 590.7407407407406]",1316,2914,Lower Left
train_291.png,"[647.2592592592592, 555.1851851851851, 849.9999999999999, 590.7407407407408]",1316,2914,Lower Right
train_510.png,"[1380.4285714285713, 353.8571428571428, 779.9999999999998, 397.142857142857]",1316,2728,Upper Left
train_510.png,"[608.9999999999999, 319.57142857142844, 779.9999999999999, 437.1428571428571]",1316,2728,Upper Right
train_510.png,"[1354.7142857142856, 593.8571428571427, 877.1428571428571, 542.8571428571429]",1316,2728,Lower Left
train_510.png,"[531.8571428571428, 579.5714285714284, 839.9999999999999, 568.5714285714284]",1316,2728,Lower Right
train_29.png,"[494.25, 276.5, 458.75, 263.75]",976,1976,Upper Right
train_29.png,"[949.25, 274.0, 450.0, 268.75]",976,1976,Upper Left
train_29.png,"[941.75, 504.0, 445.0, 252.5]",976,1976,Lower Left
train_29.png,"[508.0, 499.0, 438.75, 261.25]",976,1976,Lower Right
train_44.png,"[1427.090909090909, 389.6363636363636, 798.181818181818, 399.9999999999999]",1316,2840,Upper Left
train_44.png,"[823.4545454545454, 346.0, 607.2727272727271, 443.6363636363635]",1316,2840,Upper Right
train_44.png,"[570.7272727272726, 607.8181818181818, 870.9090909090909, 523.6363636363635]",1316,2840,Lower Right
train_44.png,"[1443.4545454545453, 642.3636363636363, 967.2727272727273, 505.4545454545455]",1316,2840,Lower Left
train_434.png,"[1386.5882352941176, 386.7647058823528, 741.1764705882351, 402.9411764705882]",1316,2804,Upper Left
train_434.png,"[686.5882352941176, 392.6470588235294, 702.9411764705883, 408.8235294117645]",1316,2804,Upper Right
train_434.png,"[1398.3529411764705, 607.3529411764705, 797.0588235294115, 544.1176470588234]",1316,2804,Lower Left
train_434.png,"[563.0588235294117, 654.4117647058822, 852.9411764705883, 517.6470588235295]",1316,2804,Lower Right
train_274.png,"[1447.549019607843, 467.17647058823525, 643.1372549019607, 347.0588235294118]",1316,2805,Upper Left
train_274.png,"[720.0980392156863, 449.52941176470586, 727.4509803921568, 358.82352941176464]",1316,2805,Upper Right
train_274.png,"[1427.9411764705883, 694.627450980392, 788.2352941176468, 460.7843137254904]",1316,2805,Lower Left
train_274.png,"[610.2941176470589, 678.9411764705883, 837.2549019607842, 501.9607843137253]",1316,2805,Lower Right
train_372.png,"[666.060606060606, 255.0, 772.7272727272727, 445.4545454545455]",1316,2832,Upper Right
train_372.png,"[1432.7272727272727, 239.84848484848487, 796.9696969696968, 448.4848484848484]",1316,2832,Upper Left
train_372.png,"[1435.7575757575758, 582.2727272727273, 881.8181818181818, 509.090909090909]",1316,2832,Lower Left
train_372.png,"[626.6666666666666, 609.5454545454545, 842.4242424242424, 487.87878787878776]",1316,2832,Lower Right
train_417.png,"[1479.7551020408164, 408.48979591836735, 644.8979591836733, 428.57142857142856]",1316,2941,Upper Left
train_417.png,"[828.7346938775511, 418.6938775510205, 653.0612244897959, 420.40816326530603]",1316,2941,Upper Right
train_417.png,"[1451.1836734693877, 592.1632653061224, 830.6122448979593, 563.2653061224491]",1316,2941,Lower Left
train_417.png,"[636.8979591836735, 575.8367346938776, 834.6938775510205, 585.7142857142858]",1316,2941,Lower Right
train_415.png,"[708.4999999999999, 257.21428571428567, 755.3571428571428, 439.2857142857142]",1316,2850,Upper Right
train_415.png,"[1433.4999999999998, 258.99999999999994, 775.0000000000002, 423.2142857142857]",1316,2850,Upper Left
train_415.png,"[1456.7142857142856, 625.0714285714284, 794.6428571428571, 482.1428571428571]",1316,2850,Lower Left
train_415.png,"[706.7142857142857, 660.7857142857142, 780.3571428571428, 444.6428571428571]",1316,2850,Lower Right
train_331.png,"[790.8181818181818, 314.72727272727263, 681.8181818181818, 430.9090909090909]",1316,2888,Upper Right
train_331.png,"[1470.8181818181818, 331.090909090909, 612.7272727272727, 432.72727272727275]",1316,2888,Upper Left
train_331.png,"[1472.6363636363635, 618.3636363636363, 741.818181818182, 525.4545454545455]",1316,2888,Lower Left
train_331.png,"[752.6363636363636, 636.5454545454545, 738.1818181818181, 510.90909090909076]",1316,2888,Lower Right
train_247.png,"[1533.9999999999998, 309.09090909090907, 980.0000000000002, 536.3636363636363]",1504,2872,Upper Left
train_247.png,"[537.6363636363636, 318.18181818181813, 1023.6363636363636, 527.2727272727273]",1504,2872,Upper Right
train_247.png,"[1501.2727272727273, 659.9999999999999, 1052.7272727272727, 627.2727272727274]",1504,2872,Lower Left
train_247.png,"[448.5454545454545, 670.9090909090909, 1056.3636363636363, 659.9999999999999]",1504,2872,Lower Right
train_243.png,"[1492.969696969697, 469.33333333333326, 730.30303030303, 369.69696969696975]",1316,2952,Upper Left
train_243.png,"[762.6666666666666, 466.30303030303025, 736.3636363636364, 400.0]",1316,2952,Upper Right
train_243.png,"[1486.9090909090908, 772.3636363636363, 772.7272727272727, 348.4848484848485]",1316,2952,Lower Left
train_243.png,"[729.3333333333333, 763.2727272727273, 766.6666666666667, 363.6363636363635]",1316,2952,Lower Right
train_332.png,"[1488.3636363636363, 440.0, 985.4545454545453, 507.27272727272725]",1504,2868,Upper Left
train_332.png,"[582.9090909090909, 463.6363636363636, 918.1818181818181, 483.6363636363636]",1504,2868,Upper Right
train_332.png,"[1495.6363636363635, 807.2727272727273, 987.272727272727, 525.4545454545453]",1504,2868,Lower Left
train_332.png,"[457.45454545454544, 761.8181818181818, 1047.272727272727, 550.9090909090908]",1504,2868,Lower Right
train_276.png,"[698.3636363636363, 380.18181818181813, 805.4545454545455, 396.3636363636364]",1316,2874,Upper Right
train_276.png,"[1492.9090909090908, 383.81818181818176, 645.4545454545453, 396.36363636363626]",1316,2874,Upper Left
train_276.png,"[1398.3636363636363, 672.9090909090909, 779.9999999999998, 472.72727272727263]",1316,2874,Lower Left
train_276.png,"[631.090909090909, 640.1818181818181, 789.090909090909, 512.7272727272726]",1316,2874,Lower Right
train_551.png,"[1476.6734693877552, 322.7755102040817, 671.4285714285716, 426.53061224489784]",1316,2959,Upper Left
train_551.png,"[813.4081632653061, 345.22448979591843, 677.5510204081633, 408.1632653061223]",1316,2959,Upper Right
train_551.png,"[1505.2448979591836, 565.6326530612245, 812.2448979591836, 514.2857142857143]",1316,2959,Lower Left
train_551.png,"[701.1632653061224, 569.7142857142858, 842.8571428571429, 526.5306122448978]",1316,2959,Lower Right
train_170.png,"[1473.8181818181818, 390.9090909090909, 1018.1818181818182, 445.4545454545454]",1504,2868,Upper Left
train_170.png,"[590.1818181818181, 278.18181818181813, 905.4545454545454, 545.4545454545454]",1504,2868,Upper Right
train_170.png,"[1468.3636363636363, 687.2727272727273, 1079.9999999999998, 600.0]",1504,2868,Lower Left
train_170.png,"[501.09090909090907, 716.3636363636363, 970.9090909090908, 580.0]",1504,2868,Lower Right
train_407.png,"[1422.3571428571427, 390.2857142857142, 900.0, 328.57142857142856]",1316,2816,Upper Left
train_407.png,"[593.7857142857142, 370.6428571428571, 844.6428571428571, 344.6428571428571]",1316,2816,Upper Right
train_407.png,"[1397.3571428571427, 640.2857142857142, 1035.7142857142858, 448.21428571428555]",1316,2816,Lower Left
train_407.png,"[493.7857142857142, 658.1428571428571, 919.6428571428571, 421.42857142857133]",1316,2816,Lower Right
train_529.png,"[1412.0, 323.0, 732.0, 376.0]",1316,2861,Upper Left
train_529.png,"[616.0, 217.0, 806.0, 492.0]",1316,2861,Upper Right
train_529.png,"[1418.0, 563.0, 852.0, 518.0]",1316,2861,Lower Left
train_529.png,"[486.0, 555.0, 960.0, 524.0]",1316,2861,Lower Right
train_84.png,"[1442.8181818181818, 263.27272727272725, 778.7878787878788, 503.030303030303]",1316,2882,Upper Left
train_84.png,"[715.5454545454545, 284.4848484848484, 739.3939393939393, 481.81818181818187]",1316,2882,Upper Right
train_84.png,"[1451.9090909090908, 593.5757575757575, 866.6666666666667, 536.3636363636363]",1316,2882,Lower Left
train_84.png,"[588.2727272727273, 584.4848484848485, 869.6969696969697, 560.6060606060605]",1316,2882,Lower Right
train_467.png,"[635.7857142857142, 378.6428571428571, 741.0714285714284, 366.07142857142856]",1316,2826,Upper Right
train_467.png,"[1369.7142857142856, 385.7857142857142, 783.9285714285713, 353.57142857142856]",1316,2826,Upper Left
train_467.png,"[1387.5714285714284, 719.7142857142857, 778.5714285714284, 442.8571428571428]",1316,2826,Lower Left
train_467.png,"[641.1428571428571, 676.8571428571428, 773.2142857142856, 491.07142857142856]",1316,2826,Lower Right
train_664.png,"[844.148148148148, 347.2222222222222, 655.5555555555557, 401.85185185185173]",1316,2956,Upper Right
train_664.png,"[1496.0, 337.96296296296293, 675.9259259259256, 414.81481481481467]",1316,2956,Upper Left
train_664.png,"[1483.037037037037, 604.6296296296296, 814.8148148148148, 512.962962962963]",1316,2956,Lower Left
train_664.png,"[727.4814814814814, 632.4074074074074, 772.2222222222223, 488.8888888888889]",1316,2956,Lower Right
train_102.png,"[1519.2727272727273, 594.5454545454545, 919.9999999999998, 403.6363636363635]",1504,2868,Upper Left
train_102.png,"[592.0, 572.7272727272726, 932.7272727272725, 414.5454545454546]",1504,2868,Upper Right
train_102.png,"[1482.9090909090908, 849.090909090909, 979.9999999999998, 483.6363636363635]",1504,2868,Lower Left
train_102.png,"[444.7272727272727, 889.090909090909, 1054.5454545454545, 481.81818181818176]",1504,2868,Lower Right
train_615.png,"[1448.148148148148, 316.2962962962963, 820.3703703703702, 405.55555555555543]",1316,2938,Upper Left
train_615.png,"[607.4074074074074, 321.85185185185185, 881.4814814814813, 403.7037037037037]",1316,2938,Upper Right
train_615.png,"[1475.9259259259259, 645.9259259259259, 885.185185185185, 492.5925925925926]",1316,2938,Lower Left
train_615.png,"[640.7407407407406, 588.5185185185185, 844.4444444444443, 553.7037037037037]",1316,2938,Lower Right
train_330.png,"[1472.7878787878788, 339.030303030303, 709.0909090909092, 400.0]",1316,2948,Upper Left
train_330.png,"[824.3030303030303, 366.30303030303025, 657.5757575757575, 381.81818181818176]",1316,2948,Upper Right
train_330.png,"[1494.0, 517.8181818181818, 812.121212121212, 545.4545454545455]",1316,2948,Lower Left
train_330.png,"[700.060606060606, 539.030303030303, 824.2424242424242, 542.4242424242423]",1316,2948,Lower Right
train_496.png,"[721.2857142857142, 432.21428571428567, 714.2857142857142, 353.57142857142856]",1316,2822,Upper Right
train_496.png,"[1392.7142857142856, 382.21428571428567, 714.2857142857144, 346.42857142857133]",1316,2822,Upper Left
train_496.png,"[1421.2857142857142, 662.5714285714284, 689.2857142857142, 407.1428571428571]",1316,2822,Lower Left
train_496.png,"[665.9285714285713, 728.642857142857, 828.5714285714284, 391.07142857142856]",1316,2822,Lower Right
train_79.png,"[726.037037037037, 308.33333333333326, 750.0, 407.4074074074074]",1316,2942,Upper Right
train_79.png,"[1468.6296296296296, 308.33333333333326, 716.6666666666665, 407.4074074074074]",1316,2942,Upper Left
train_79.png,"[1466.7777777777776, 637.9629629629629, 748.148148148148, 492.5925925925925]",1316,2942,Lower Left
train_79.png,"[720.4814814814814, 626.8518518518518, 757.4074074074073, 505.55555555555554]",1316,2942,Lower Right
train_437.png,"[1440.8181818181818, 431.4545454545454, 690.9090909090908, 318.18181818181813]",1316,2882,Upper Left
train_437.png,"[728.090909090909, 431.4545454545454, 716.3636363636363, 336.3636363636364]",1316,2882,Upper Right
train_437.png,"[1464.4545454545453, 711.4545454545454, 718.1818181818182, 374.5454545454546]",1316,2882,Lower Left
train_437.png,"[619.0, 689.6363636363635, 869.090909090909, 425.4545454545455]",1316,2882,Lower Right
train_462.png,"[1463.698113207547, 288.84905660377353, 800.0, 354.7169811320755]",1316,2978,Upper Left
train_462.png,"[727.8490566037735, 254.88679245283015, 756.6037735849056, 383.0188679245283]",1316,2978,Upper Right
train_462.png,"[1495.7735849056603, 522.8113207547169, 850.9433962264152, 575.4716981132076]",1316,2978,Lower Left
train_462.png,"[639.1698113207547, 530.3584905660377, 867.9245283018868, 547.1698113207547]",1316,2978,Lower Right
train_216.png,"[1411.0, 421.0, 684.0, 358.0]",1316,2864,Upper Left
train_216.png,"[773.0, 467.0, 644.0, 332.0]",1316,2864,Upper Right
train_216.png,"[1407.0, 641.0, 720.0, 478.0]",1316,2864,Lower Left
train_216.png,"[673.0, 729.0, 772.0, 396.0]",1316,2864,Lower Right
train_497.png,"[1497.375, 453.375, 618.75, 362.5]",1316,3003,Upper Left
train_497.png,"[894.25, 459.625, 621.875, 362.5]",1316,3003,Upper Right
train_497.png,"[1513.0, 653.375, 740.625, 475.0]",1316,3003,Lower Left
train_497.png,"[775.5, 662.75, 740.625, 475.0]",1316,3003,Lower Right
train_16.png,"[687.090909090909, 470.21212121212113, 824.2424242424242, 433.33333333333337]",1504,2868,Upper Right
train_16.png,"[1508.3030303030303, 464.1515151515151, 860.6060606060607, 442.4242424242424]",1504,2868,Upper Left
train_16.png,"[1496.181818181818, 852.030303030303, 875.757575757576, 442.42424242424227]",1504,2868,Lower Left
train_16.png,"[632.5454545454545, 773.2424242424242, 869.6969696969697, 539.3939393939393]",1504,2868,Lower Right
train_103.png,"[1396.6470588235293, 445.58823529411757, 829.4117647058824, 317.6470588235295]",1316,2830,Upper Left
train_103.png,"[723.1176470588234, 454.4117647058822, 679.4117647058824, 329.41176470588243]",1316,2830,Upper Right
train_103.png,"[1420.1764705882351, 633.8235294117646, 817.6470588235293, 502.9411764705883]",1316,2830,Lower Left
train_103.png,"[649.5882352941176, 710.2941176470588, 797.0588235294117, 408.82352941176464]",1316,2830,Lower Right
train_155.png,"[778.7037037037037, 362.5925925925926, 711.1111111111111, 385.1851851851851]",1316,2887,Upper Right
train_155.png,"[1489.8148148148148, 282.96296296296293, 703.7037037037035, 466.66666666666663]",1316,2887,Upper Left
train_155.png,"[630.5555555555555, 631.1111111111111, 857.4074074074073, 451.85185185185173]",1316,2887,Lower Right
train_155.png,"[1482.4074074074074, 623.7037037037037, 746.2962962962961, 462.9629629629628]",1316,2887,Lower Left
train_356.png,"[514.25, 199.0, 451.25, 351.25]",976,1976,Upper Right
train_356.png,"[954.25, 194.0, 451.25, 356.25]",976,1976,Upper Left
train_356.png,"[971.75, 456.5, 430.0, 351.25]",976,1976,Lower Left
train_356.png,"[465.5, 434.0, 515.0, 391.25]",976,1976,Lower Right
train_362.png,"[1434.2727272727273, 389.6363636363636, 641.8181818181818, 367.27272727272725]",1316,2858,Upper Left
train_362.png,"[839.7272727272726, 313.27272727272714, 625.4545454545454, 452.72727272727275]",1316,2858,Upper Right
train_362.png,"[1459.29203539823, 625.0, 734.4579646017701, 501.5486725663716]",1316,2858,Lower Left
train_362.png,"[770.3125, 660.9375, 693.75, 525.0]",1316,2858,Lower Right
train_10.png,"[1438.642857142857, 454.57142857142856, 721.4285714285713, 412.4999999999999]",1316,2820,Upper Left
train_10.png,"[629.7142857142857, 370.6428571428571, 810.7142857142857, 473.21428571428555]",1316,2820,Upper Right
train_10.png,"[1379.7142857142856, 749.2142857142857, 914.2857142857144, 423.21428571428567]",1316,2820,Lower Left
train_10.png,"[567.2142857142857, 734.9285714285713, 842.8571428571428, 462.5]",1316,2820,Lower Right
train_570.png,"[598.8148148148148, 300.92592592592587, 888.8888888888889, 453.7037037037037]",1316,2932,Upper Right
train_570.png,"[1463.6296296296296, 321.2962962962963, 824.0740740740739, 437.03703703703695]",1316,2932,Upper Left
train_570.png,"[1422.8888888888887, 623.148148148148, 937.037037037037, 518.5185185185185]",1316,2932,Lower Left
train_570.png,"[543.2592592592592, 600.9259259259259, 887.0370370370371, 553.7037037037037]",1316,2932,Lower Right
train_327.png,"[1399.9999999999998, 305.1428571428571, 775.7142857142856, 410.0]",1316,2892,Upper Left
train_327.png,"[755.7142857142857, 319.4285714285714, 672.8571428571428, 405.7142857142857]",1316,2892,Upper Right
train_327.png,"[1408.5714285714284, 633.7142857142857, 877.1428571428569, 489.9999999999999]",1316,2892,Lower Left
train_327.png,"[535.7142857142857, 626.5714285714286, 902.8571428571428, 524.2857142857141]",1316,2892,Lower Right
train_506.png,"[1396.705882352941, 357.3529411764705, 873.5294117647059, 347.0588235294117]",1316,2836,Upper Left
train_506.png,"[602.5882352941176, 339.7058823529411, 797.0588235294117, 376.47058823529403]",1316,2836,Upper Right
train_506.png,"[1396.705882352941, 657.3529411764705, 838.2352941176473, 467.6470588235293]",1316,2836,Lower Left
train_506.png,"[517.2941176470588, 569.1176470588234, 888.2352941176471, 576.4705882352941]",1316,2836,Lower Right
train_391.png,"[1456.2222222222222, 277.4074074074074, 757.4074074074074, 394.44444444444446]",1316,2906,Upper Left
train_391.png,"[765.4814814814814, 269.99999999999994, 701.8518518518518, 394.4444444444444]",1316,2906,Upper Right
train_391.png,"[1437.7037037037037, 610.7407407407406, 899.9999999999998, 442.5925925925926]",1316,2906,Lower Left
train_391.png,"[643.2592592592592, 582.9629629629629, 798.1481481481482, 468.51851851851836]",1316,2906,Lower Right
train_22.png,"[1396.2121212121212, 423.87878787878776, 618.181818181818, 357.57575757575773]",1316,2886,Upper Left
train_22.png,"[856.8181818181818, 420.84848484848476, 545.4545454545455, 357.5757575757575]",1316,2886,Upper Right
train_22.png,"[1396.2121212121212, 617.8181818181818, 690.9090909090908, 472.72727272727275]",1316,2886,Lower Left
train_22.png,"[744.6969696969696, 593.5757575757575, 654.5454545454546, 500.0]",1316,2886,Lower Right
train_177.png,"[1482.7407407407406, 471.85185185185185, 622.2222222222224, 335.1851851851851]",1316,2922,Upper Left
train_177.png,"[879.037037037037, 421.85185185185185, 596.2962962962963, 381.4814814814814]",1316,2922,Upper Right
train_177.png,"[1479.037037037037, 755.1851851851851, 662.962962962963, 474.074074074074]",1316,2922,Lower Left
train_177.png,"[827.1851851851851, 749.6296296296296, 657.4074074074073, 481.4814814814815]",1316,2922,Lower Right
train_30.png,"[713.0714285714286, 351.8571428571428, 685.7142857142857, 394.6428571428571]",1316,2852,Upper Right
train_30.png,"[1393.4285714285713, 351.8571428571428, 735.7142857142856, 398.21428571428567]",1316,2852,Upper Left
train_30.png,"[1396.9999999999998, 591.1428571428571, 841.0714285714287, 507.1428571428571]",1316,2852,Lower Left
train_30.png,"[645.2142857142857, 596.4999999999999, 766.0714285714286, 512.4999999999999]",1316,2852,Lower Right
train_611.png,"[1415.0, 371.0, 818.0, 362.0]",1316,2880,Upper Left
train_611.png,"[681.0, 393.0, 736.0, 368.0]",1316,2880,Upper Right
train_611.png,"[1413.0, 607.0, 856.0, 506.0]",1316,2880,Lower Left
train_611.png,"[621.0, 637.0, 806.0, 480.0]",1316,2880,Lower Right
train_524.png,"[1459.2727272727273, 445.4545454545454, 981.8181818181818, 461.81818181818187]",1504,2868,Upper Left
train_524.png,"[546.5454545454545, 339.99999999999994, 914.5454545454545, 574.5454545454545]",1504,2868,Upper Right
train_524.png,"[561.090909090909, 794.5454545454545, 932.7272727272727, 472.72727272727275]",1504,2868,Lower Right
train_524.png,"[1481.090909090909, 838.1818181818181, 1005.4545454545455, 478.18181818181813]",1504,2868,Lower Left
train_325.png,"[1496.8333333333335, 343.25, 593.75, 425.0]",1316,2987,Upper Left
train_325.png,"[894.75, 337.0, 614.5833333333335, 439.5833333333335]",1316,2987,Upper Right
train_325.png,"[1501.0, 584.9166666666667, 714.5833333333335, 456.25]",1316,2987,Lower Left
train_325.png,"[753.0833333333334, 559.9166666666667, 754.1666666666666, 500.0]",1316,2987,Lower Right
train_596.png,"[1504.9090909090908, 418.18181818181813, 916.3636363636363, 489.0909090909091]",1504,2872,Upper Left
train_596.png,"[639.4545454545454, 363.63636363636357, 885.4545454545454, 549.0909090909092]",1504,2872,Upper Right
train_596.png,"[1492.181818181818, 739.9999999999999, 989.090909090909, 530.9090909090909]",1504,2872,Lower Left
train_596.png,"[564.9090909090909, 692.7272727272726, 936.3636363636364, 627.2727272727271]",1504,2872,Lower Right
train_130.png,"[1451.9999999999998, 407.27272727272725, 994.5454545454547, 538.181818181818]",1504,2868,Upper Left
train_130.png,"[553.8181818181818, 329.09090909090907, 896.3636363636363, 503.63636363636357]",1504,2868,Upper Right
train_130.png,"[1475.6363636363635, 809.090909090909, 925.4545454545455, 441.81818181818176]",1504,2868,Lower Left
train_130.png,"[477.45454545454544, 699.9999999999999, 1005.4545454545453, 561.8181818181819]",1504,2868,Lower Right
train_402.png,"[1521.2727272727273, 476.36363636363626, 989.0909090909088, 485.4545454545455]",1504,2872,Upper Left
train_402.png,"[564.9090909090909, 445.4545454545454, 970.9090909090909, 516.3636363636364]",1504,2872,Upper Right
train_402.png,"[1470.3636363636363, 799.9999999999999, 1083.6363636363637, 549.0909090909091]",1504,2872,Lower Left
train_402.png,"[455.81818181818176, 770.9090909090909, 1029.090909090909, 589.0909090909089]",1504,2872,Lower Right
train_277.png,"[1466.7272727272725, 403.6363636363636, 1081.818181818182, 481.81818181818176]",1504,2872,Upper Left
train_277.png,"[408.5454545454545, 401.81818181818176, 1081.8181818181818, 498.18181818181813]",1504,2872,Upper Right
train_277.png,"[1468.5454545454545, 825.4545454545454, 1249.090909090909, 449.0909090909091]",1504,2872,Lower Left
train_277.png,"[348.5454545454545, 799.9999999999999, 1143.6363636363635, 547.2727272727274]",1504,2872,Lower Right
train_392.png,"[1336.542372881356, 399.2372881355933, 701.6949152542372, 415.2542372881355]",1316,2656,Upper Left
train_392.png,"[587.3898305084746, 324.66101694915255, 761.0169491525425, 508.4745762711865]",1316,2656,Upper Right
train_392.png,"[1336.542372881356, 683.9830508474577, 784.7457627118645, 488.13559322033893]",1316,2656,Lower Left
train_392.png,"[539.9322033898305, 629.7457627118645, 803.3898305084746, 550.8474576271187]",1316,2656,Lower Right
train_430.png,"[627.7241379310345, 393.44827586206895, 787.9310344827587, 425.8620689655173]",1316,2712,Upper Right
train_430.png,"[1407.0344827586207, 384.8275862068966, 727.5862068965519, 436.20689655172407]",1316,2712,Upper Left
train_430.png,"[1382.8965517241381, 752.0689655172414, 746.5517241379312, 382.75862068965534]",1316,2712,Lower Left
train_430.png,"[501.8620689655173, 710.6896551724138, 901.7241379310345, 458.62068965517244]",1316,2712,Lower Right
train_471.png,"[1457.4545454545453, 549.090909090909, 947.2727272727273, 418.18181818181824]",1504,2868,Upper Left
train_471.png,"[588.3636363636363, 500.0, 883.6363636363635, 463.6363636363635]",1504,2868,Upper Right
train_471.png,"[1486.5454545454545, 803.6363636363635, 998.181818181818, 561.8181818181818]",1504,2868,Lower Left
train_471.png,"[417.45454545454544, 801.8181818181818, 1076.3636363636363, 590.9090909090908]",1504,2868,Lower Right
train_450.png,"[1437.0, 367.0, 866.0, 374.0]",1316,2855,Upper Left
train_450.png,"[659.0, 389.0, 778.0, 360.0]",1316,2855,Upper Right
train_450.png,"[1423.0, 635.0, 958.0, 460.0]",1316,2855,Lower Left
train_450.png,"[501.0, 611.0, 934.0, 488.0]",1316,2855,Lower Right
train_578.png,"[1399.2142857142856, 474.21428571428567, 635.7142857142856, 339.2857142857142]",1316,2785,Upper Left
train_578.png,"[647.8723404255319, 457.4468085106383, 760.342957024893, 387.2340425531915]",1316,2785,Upper Right
train_578.png,"[752.0, 790.6666666666666, 713.3333333333333, 389.33333333333337]",1316,2785,Lower Right
train_578.png,"[1429.1512915129151, 775.0, 666.6820418204184, 405.0738007380073]",1316,2785,Lower Left
train_347.png,"[1416.59649122807, 193.19298245614033, 670.1754385964912, 531.578947368421]",1316,2740,Upper Left
train_347.png,"[614.8421052631578, 186.17543859649118, 807.017543859649, 536.8421052631578]",1316,2740,Upper Right
train_347.png,"[1362.2105263157894, 638.8070175438596, 912.2807017543857, 505.26315789473676]",1316,2740,Lower Left
train_347.png,"[455.19298245614027, 631.7894736842104, 926.3157894736842, 554.3859649122808]",1316,2740,Lower Right
train_143.png,"[1473.7924528301885, 279.41509433962267, 756.6037735849056, 456.60377358490564]",1316,2967,Upper Left
train_143.png,"[892.6603773584906, 300.16981132075466, 596.2264150943396, 445.2830188679245]",1316,2967,Upper Right
train_143.png,"[1462.4716981132074, 545.4528301886792, 803.7735849056603, 537.7358490566037]",1316,2967,Lower Left
train_143.png,"[656.8113207547169, 653.0, 816.9811320754716, 464.15094339622624]",1316,2967,Lower Right
train_80.png,"[1434.7272727272727, 299.6363636363636, 751.5151515151513, 433.33333333333337]",1316,2883,Upper Left
train_80.png,"[731.6969696969696, 381.4545454545455, 709.0909090909091, 357.5757575757575]",1316,2883,Upper Right
train_80.png,"[1428.6666666666665, 548.121212121212, 806.060606060606, 563.6363636363637]",1316,2883,Lower Left
train_80.png,"[613.5151515151515, 596.6060606060605, 845.4545454545455, 533.3333333333333]",1316,2883,Lower Right
train_618.png,"[687.060606060606, 394.3939393939394, 733.3333333333333, 360.6060606060606]",1316,2873,Upper Right
train_618.png,"[1396.151515151515, 385.30303030303025, 769.6969696969695, 366.66666666666674]",1316,2873,Upper Left
train_618.png,"[1444.6363636363635, 709.5454545454545, 715.151515151515, 393.939393939394]",1316,2873,Lower Left
train_618.png,"[599.1818181818181, 688.3333333333333, 848.4848484848484, 421.21212121212125]",1316,2873,Lower Right
train_129.png,"[738.25, 402.25, 762.5, 421.875]",1316,2967,Upper Right
train_129.png,"[1485.125, 402.25, 728.125, 421.875]",1316,2967,Upper Left
train_129.png,"[1447.625, 717.875, 884.375, 446.875]",1316,2967,Lower Left
train_129.png,"[688.25, 705.375, 784.375, 465.625]",1316,2967,Lower Right
train_446.png,"[499.25, 255.25, 475.0, 293.75]",976,1976,Upper Right
train_446.png,"[970.5, 254.0, 468.75, 298.75]",976,1976,Upper Left
train_446.png,"[959.25, 485.25, 476.25, 277.5]",976,1976,Lower Left
train_446.png,"[474.25, 505.25, 492.5, 261.25]",976,1976,Lower Right
train_549.png,"[1471.9999999999998, 494.5454545454545, 952.7272727272727, 472.72727272727275]",1504,2868,Upper Left
train_549.png,"[557.4545454545454, 454.5454545454545, 919.9999999999999, 509.090909090909]",1504,2868,Upper Right
train_549.png,"[1490.181818181818, 809.090909090909, 996.3636363636365, 507.27272727272725]",1504,2868,Lower Left
train_549.png,"[468.3636363636363, 783.6363636363635, 1025.4545454545455, 567.2727272727273]",1504,2868,Lower Right
train_464.png,"[1496.969696969697, 468.1818181818182, 801.5151515151515, 442.4242424242423]",1504,2868,Upper Left
train_464.png,"[727.2727272727273, 409.09090909090907, 789.3939393939393, 507.57575757575756]",1504,2868,Upper Right
train_464.png,"[1480.3030303030303, 812.1212121212121, 787.8787878787878, 445.4545454545454]",1504,2868,Lower Left
train_464.png,"[592.4242424242424, 687.8787878787879, 896.9696969696969, 642.4242424242424]",1504,2868,Lower Right
train_676.png,"[790.7272727272726, 302.3636363636364, 685.4545454545454, 479.9999999999999]",1316,2880,Upper Right
train_676.png,"[1470.7272727272725, 366.0, 709.090909090909, 418.18181818181813]",1316,2880,Upper Left
train_676.png,"[605.2727272727273, 642.3636363636363, 834.5454545454545, 496.36363636363626]",1316,2880,Lower Right
train_676.png,"[1430.7272727272725, 671.4545454545454, 845.4545454545455, 465.4545454545454]",1316,2880,Lower Left
train_218.png,"[1458.698113207547, 179.4150943396226, 722.6415094339623, 518.867924528302]",1316,2968,Upper Left
train_218.png,"[841.7169811320754, 179.4150943396226, 624.5283018867925, 516.9811320754716]",1316,2968,Upper Right
train_218.png,"[1479.4528301886792, 436.0188679245283, 820.7547169811321, 633.9622641509433]",1316,2968,Lower Left
train_218.png,"[613.4150943396226, 471.86792452830184, 871.6981132075471, 605.6603773584906]",1316,2968,Lower Right
train_213.png,"[1493.0943396226414, 330.35849056603774, 696.2264150943395, 439.62264150943395]",1316,2949,Upper Left
train_213.png,"[813.8490566037735, 324.6981132075472, 694.3396226415093, 443.39622641509425]",1316,2949,Upper Right
train_213.png,"[1468.566037735849, 630.3584905660377, 766.0377358490564, 524.5283018867924]",1316,2949,Lower Left
train_213.png,"[768.566037735849, 637.9056603773585, 720.7547169811321, 537.7358490566038]",1316,2949,Lower Right
train_658.png,"[1473.795918367347, 141.1428571428571, 804.0816326530612, 512.2448979591836]",1316,2940,Upper Left
train_658.png,"[692.1632653061224, 184.0, 785.7142857142858, 475.51020408163276]",1316,2940,Upper Right
train_658.png,"[1473.795918367347, 484.0, 867.3469387755104, 630.6122448979593]",1316,2940,Lower Left
train_658.png,"[598.2857142857143, 455.42857142857144, 889.7959183673469, 667.3469387755102]",1316,2940,Lower Right
train_540.png,"[659.4210526315788, 331.8947368421052, 738.59649122807, 521.0526315789473]",1316,2789,Upper Right
train_540.png,"[1380.4736842105262, 337.1578947368421, 689.4736842105262, 519.2982456140351]",1316,2789,Upper Left
train_540.png,"[1389.2456140350876, 640.6666666666666, 742.1052631578948, 533.3333333333331]",1316,2789,Lower Left
train_540.png,"[668.1929824561403, 663.4736842105262, 738.5964912280701, 515.7894736842104]",1316,2789,Lower Right
train_546.png,"[1457.3703703703702, 482.8412698412699, 662.7788833609732, 335.30687830687816]",1316,2911,Upper Left
train_546.png,"[731.7460317460317, 425.69841269841265, 728.5714285714286, 398.41269841269843]",1316,2911,Upper Right
train_546.png,"[1455.5555555555557, 636.8095238095239, 809.5238095238096, 469.8412698412699]",1316,2911,Lower Left
train_546.png,"[639.3258426966293, 613.4831460674158, 823.5955056179776, 493.2584269662922]",1316,2911,Lower Right
train_9.png,"[1460.8787878787878, 255.5151515151515, 727.2727272727273, 360.6060606060605]",1316,2905,Upper Left
train_9.png,"[779.060606060606, 246.42424242424238, 684.8484848484848, 375.75757575757564]",1316,2905,Upper Right
train_9.png,"[657.8484848484849, 491.87878787878776, 809.0909090909089, 457.5757575757575]",1316,2905,Lower Right
train_9.png,"[1469.969696969697, 497.939393939394, 809.090909090909, 454.5454545454545]",1316,2905,Lower Left
train_135.png,"[469.25, 269.0, 502.5, 278.75]",976,1976,Upper Right
train_135.png,"[944.25, 250.25, 481.25, 295.0]",976,1976,Upper Left
train_135.png,"[965.5, 426.5, 551.25, 367.5]",976,1976,Lower Left
train_135.png,"[409.25, 476.5, 575.0, 320.0]",976,1976,Lower Right
train_681.png,"[1484.7272727272725, 423.6363636363636, 961.818181818182, 541.8181818181816]",1504,2868,Upper Left
train_681.png,"[506.5454545454545, 405.4545454545454, 990.9090909090908, 554.5454545454546]",1504,2868,Upper Right
train_681.png,"[1502.9090909090908, 867.2727272727271, 1032.7272727272727, 507.27272727272737]",1504,2868,Lower Left
train_681.png,"[388.3636363636363, 845.4545454545454, 1129.090909090909, 541.8181818181819]",1504,2868,Lower Right
train_261.png,"[1402.8039215686274, 475.01960784313724, 662.7450980392157, 341.17647058823536]",1316,2826,Upper Left
train_261.png,"[787.1176470588235, 475.01960784313724, 629.4117647058823, 327.4509803921569]",1316,2826,Upper Right
train_261.png,"[1393.0, 741.686274509804, 715.6862745098038, 335.2941176470588]",1316,2826,Lower Left
train_261.png,"[787.1176470588235, 763.2549019607843, 623.5294117647057, 321.56862745098033]",1316,2826,Lower Right
train_152.png,"[1532.7169811320755, 434.13207547169804, 686.7924528301887, 371.6981132075473]",1316,2950,Upper Left
train_152.png,"[876.1132075471697, 469.9811320754717, 660.377358490566, 345.2830188679244]",1316,2950,Upper Right
train_152.png,"[1533.5294117647059, 766.6666666666667, 755.3594771241833, 394.44444444444434]",1316,2950,Lower Left
train_152.png,"[911.6279069767442, 777.9069767441861, 640.6976744186046, 367.4418604651162]",1316,2950,Lower Right
train_548.png,"[1531.7460317460318, 360.6190476190476, 668.2539682539682, 461.9047619047619]",1316,2973,Upper Left
train_548.png,"[841.2698412698412, 382.8412698412698, 700.0, 439.6825396825397]",1316,2973,Upper Right
train_548.png,"[1514.2857142857142, 720.936507936508, 880.9523809523812, 480.95238095238096]",1316,2973,Lower Left
train_548.png,"[714.2857142857143, 719.3492063492064, 803.174603174603, 506.3492063492064]",1316,2973,Lower Right
train_561.png,"[620.5614035087718, 323.1228070175438, 798.2456140350877, 408.7719298245614]",1316,2799,Upper Right
train_561.png,"[1415.2982456140348, 314.35087719298235, 764.9122807017543, 426.31578947368416]",1316,2799,Upper Left
train_561.png,"[1401.2631578947367, 696.8070175438595, 829.8245614035086, 419.29824561403507]",1316,2799,Lower Left
train_561.png,"[546.8771929824561, 719.6140350877192, 861.4035087719296, 392.9824561403509]",1316,2799,Lower Right
train_455.png,"[751.375, 358.5, 703.125, 453.125]",1316,2936,Upper Right
train_455.png,"[1448.25, 364.75, 715.625, 403.125]",1316,2936,Upper Left
train_455.png,"[1470.125, 661.625, 731.25, 437.5]",1316,2936,Lower Left
train_455.png,"[829.5, 764.75, 703.125, 346.875]",1316,2936,Lower Right
train_519.png,"[1493.4444444444443, 281.1111111111111, 733.3333333333335, 427.7777777777777]",1316,2936,Upper Left
train_519.png,"[767.5185185185185, 275.55555555555554, 742.5925925925926, 431.4814814814814]",1316,2936,Upper Right
train_519.png,"[1493.4444444444443, 553.3333333333333, 811.1111111111109, 490.74074074074065]",1316,2936,Lower Left
train_519.png,"[711.9629629629629, 544.074074074074, 796.2962962962962, 577.7777777777777]",1316,2936,Lower Right
train_358.png,"[1398.2857142857142, 433.8571428571428, 734.2857142857142, 351.42857142857144]",1316,2758,Upper Left
train_358.png,"[678.2857142857142, 433.8571428571428, 762.8571428571429, 319.9999999999999]",1316,2758,Upper Right
train_358.png,"[1366.8571428571427, 690.9999999999998, 794.2857142857142, 448.57142857142867]",1316,2758,Lower Left
train_358.png,"[666.8571428571428, 702.4285714285713, 734.2857142857143, 457.1428571428571]",1316,2758,Lower Right
train_623.png,"[561.5882352941176, 217.41176470588232, 876.4705882352941, 511.7647058823528]",1316,2807,Upper Right
train_623.png,"[1417.470588235294, 220.3529411764705, 800.0000000000002, 514.7058823529412]",1316,2807,Upper Left
train_623.png,"[1423.3529411764705, 646.8235294117646, 967.6470588235295, 488.2352941176471]",1316,2807,Lower Left
train_623.png,"[529.2352941176471, 658.5882352941176, 914.705882352941, 488.2352941176471]",1316,2807,Lower Right
train_49.png,"[521.75, 304.0, 451.25, 251.25]",976,1976,Upper Right
train_49.png,"[955.5, 276.5, 442.5, 280.0]",976,1976,Upper Left
train_49.png,"[976.75, 481.5, 473.75, 298.75]",976,1976,Lower Left
train_49.png,"[485.5, 462.75, 516.25, 321.25]",976,1976,Lower Right
train_343.png,"[674.4999999999999, 207.21428571428567, 732.1428571428572, 437.5]",1316,2832,Upper Right
train_343.png,"[1386.9999999999998, 214.35714285714283, 817.8571428571429, 432.14285714285705]",1316,2832,Upper Left
train_343.png,"[1417.3571428571427, 571.4999999999999, 891.0714285714284, 505.3571428571428]",1316,2832,Lower Left
train_343.png,"[547.7142857142857, 539.3571428571428, 917.8571428571428, 544.642857142857]",1316,2832,Lower Right
train_159.png,"[677.2857142857142, 362.57142857142856, 775.0, 428.57142857142856]",1316,2834,Upper Right
train_159.png,"[1446.9285714285713, 375.07142857142856, 719.6428571428571, 419.642857142857]",1316,2834,Upper Left
train_159.png,"[1445.142857142857, 721.4999999999999, 773.2142857142856, 428.57142857142856]",1316,2834,Lower Left
train_159.png,"[661.2142857142857, 719.7142857142857, 792.8571428571428, 439.2857142857141]",1316,2834,Lower Right
train_25.png,"[685.2592592592592, 299.62962962962956, 777.7777777777777, 451.85185185185185]",1316,2889,Upper Right
train_25.png,"[1451.9259259259259, 412.5925925925925, 694.4444444444446, 340.74074074074076]",1316,2889,Upper Left
train_25.png,"[790.8148148148148, 645.9259259259259, 675.9259259259259, 424.07407407407413]",1316,2889,Lower Right
train_25.png,"[1455.6296296296296, 623.7037037037037, 829.6296296296296, 464.8148148148148]",1316,2889,Lower Left
train_287.png,"[771.132075471698, 321.2075471698113, 752.8301886792453, 428.30188679245293]",1316,3000,Upper Right
train_287.png,"[1514.5283018867924, 324.9811320754717, 688.6792452830189, 426.41509433962267]",1316,3000,Upper Left
train_287.png,"[1523.9622641509434, 472.15094339622635, 792.4528301886792, 598.1132075471697]",1316,3000,Lower Left
train_287.png,"[680.566037735849, 545.7358490566037, 849.0566037735848, 522.6415094339623]",1316,3000,Lower Right
train_365.png,"[1415.181818181818, 304.18181818181813, 756.3636363636365, 403.6363636363636]",1316,2839,Upper Left
train_365.png,"[735.9375, 328.125, 684.9538649025071, 383.55383211678827]",1316,2839,Upper Right
train_365.png,"[1416.6666666666665, 636.25, 734.5833333333335, 415.0]",1316,2839,Lower Left
train_365.png,"[583.3333333333334, 512.5, 837.5429553264604, 490.5]",1316,2839,Lower Right
train_515.png,"[728.090909090909, 503.27272727272725, 796.3636363636363, 500.0]",1504,2868,Upper Right
train_515.png,"[1469.9090909090908, 514.1818181818181, 814.5454545454543, 481.81818181818187]",1504,2868,Upper Left
train_515.png,"[1464.4545454545453, 916.0, 883.6363636363637, 449.090909090909]",1504,2868,Lower Left
train_515.png,"[659.0, 810.5454545454545, 827.2727272727273, 563.6363636363635]",1504,2868,Lower Right
train_460.png,"[1350.6849315068494, 371.2328767123288, 867.1232876712329, 410.95890410958907]",1316,2799,Upper Left
train_460.png,"[663.013698630137, 376.7123287671233, 708.2191780821918, 412.3287671232876]",1316,2799,Upper Right
train_460.png,"[1365.7534246575342, 672.6027397260274, 976.7123287671234, 435.6164383561644]",1316,2799,Lower Left
train_460.png,"[569.8630136986302, 667.1232876712329, 813.6986301369863, 460.27397260273983]",1316,2799,Lower Right
train_454.png,"[1375.9999999999998, 388.142857142857, 748.5714285714287, 380.0000000000001]",1316,2782,Upper Left
train_454.png,"[621.7142857142857, 416.71428571428567, 751.4285714285714, 339.9999999999999]",1316,2782,Upper Right
train_454.png,"[1384.5714285714284, 639.5714285714284, 794.2857142857142, 494.2857142857142]",1316,2782,Lower Left
train_454.png,"[530.2857142857142, 642.4285714285713, 900.0, 497.1428571428571]",1316,2782,Lower Right
train_107.png,"[732.125, 371.0, 740.625, 412.5]",1316,2910,Upper Right
train_107.png,"[1472.75, 396.0, 706.25, 384.375]",1316,2910,Upper Left
train_107.png,"[1475.875, 661.625, 812.5, 468.75]",1316,2910,Lower Left
train_107.png,"[644.625, 646.0, 843.75, 490.625]",1316,2910,Lower Right
train_85.png,"[637.5757575757575, 403.5454545454545, 866.6666666666667, 481.81818181818176]",1504,2872,Upper Right
train_85.png,"[1495.151515151515, 391.4242424242424, 863.6363636363635, 487.8787878787879]",1504,2872,Upper Left
train_85.png,"[1504.2424242424242, 867.181818181818, 836.3636363636363, 415.15151515151524]",1504,2872,Lower Left
train_85.png,"[631.5151515151515, 867.181818181818, 875.7575757575758, 430.3030303030305]",1504,2872,Lower Right
train_477.png,"[1401.5714285714284, 395.6428571428571, 817.8571428571427, 355.3571428571428]",1316,2828,Upper Left
train_477.png,"[633.7142857142857, 374.21428571428567, 774.9999999999999, 376.7857142857142]",1316,2828,Upper Right
train_477.png,"[1401.5714285714284, 624.2142857142857, 905.3571428571427, 473.21428571428567]",1316,2828,Lower Left
train_477.png,"[603.3571428571428, 706.3571428571428, 805.3571428571428, 478.57142857142856]",1316,2828,Lower Right
train_583.png,"[1400.7142857142856, 200.99999999999994, 714.2857142857144, 526.7857142857142]",1316,2812,Upper Left
train_583.png,"[704.2857142857142, 245.6428571428571, 698.2142857142856, 487.5]",1316,2812,Upper Right
train_583.png,"[1404.2857142857142, 547.4285714285713, 837.5, 589.2857142857142]",1316,2812,Lower Left
train_583.png,"[527.5, 567.0714285714286, 885.7142857142856, 601.7857142857141]",1316,2812,Lower Right
train_602.png,"[1464.4814814814813, 251.48148148148147, 792.5925925925926, 464.8148148148147]",1316,2904,Upper Left
train_602.png,"[755.2222222222222, 195.92592592592592, 740.7407407407406, 512.9629629629628]",1316,2904,Upper Right
train_602.png,"[1455.2222222222222, 564.4444444444443, 933.333333333333, 511.1111111111111]",1316,2904,Lower Left
train_602.png,"[568.1851851851851, 564.4444444444443, 899.9999999999999, 566.6666666666667]",1316,2904,Lower Right
train_4.png,"[624.3636363636363, 371.090909090909, 772.7272727272727, 443.63636363636374]",1316,2885,Upper Right
train_4.png,"[1388.0, 347.4545454545454, 778.181818181818, 463.6363636363636]",1316,2885,Upper Left
train_4.png,"[1395.2727272727273, 600.1818181818181, 896.3636363636363, 536.3636363636364]",1316,2885,Lower Left
train_4.png,"[564.3636363636363, 547.4545454545454, 838.1818181818182, 590.9090909090909]",1316,2885,Lower Right
train_154.png,"[1329.8571428571427, 373.8571428571428, 931.4285714285716, 351.42857142857144]",1316,2765,Upper Left
train_154.png,"[409.85714285714283, 373.8571428571428, 934.2857142857142, 351.42857142857144]",1316,2765,Upper Right
train_154.png,"[1369.8571428571427, 665.2857142857142, 908.5714285714284, 445.71428571428555]",1316,2765,Lower Left
train_154.png,"[455.57142857142856, 696.7142857142856, 942.8571428571428, 428.57142857142867]",1316,2765,Lower Right
train_336.png,"[621.3333333333333, 309.5454545454545, 839.3939393939395, 418.18181818181824]",1316,2888,Upper Right
train_336.png,"[1448.6060606060605, 297.4242424242424, 803.030303030303, 412.1212121212121]",1316,2888,Upper Left
train_336.png,"[1433.4545454545455, 582.2727272727273, 881.8181818181815, 512.121212121212]",1316,2888,Lower Left
train_336.png,"[566.7878787878788, 585.3030303030303, 890.9090909090908, 518.1818181818182]",1316,2888,Lower Right
train_195.png,"[1364.0, 454.4117647058822, 776.4705882352941, 338.2352941176471]",1316,2800,Upper Left
train_195.png,"[769.8823529411765, 475.0, 594.1176470588235, 335.2941176470588]",1316,2800,Upper Right
train_195.png,"[1437.5294117647059, 707.3529411764705, 782.3529411764703, 414.7058823529412]",1316,2800,Lower Left
train_195.png,"[687.5294117647059, 736.7647058823529, 750.0, 405.88235294117635]",1316,2800,Lower Right
train_322.png,"[1387.5882352941176, 272.0588235294117, 844.1176470588234, 379.4117647058822]",1316,2806,Upper Left
train_322.png,"[711.1176470588234, 339.7058823529411, 676.4705882352941, 332.3529411764706]",1316,2806,Upper Right
train_322.png,"[1390.5294117647059, 483.82352941176464, 882.3529411764703, 526.4705882352941]",1316,2806,Lower Left
train_322.png,"[578.7647058823529, 572.0588235294117, 891.1764705882351, 444.1176470588234]",1316,2806,Lower Right
train_593.png,"[772.2142857142857, 374.21428571428567, 674.9999999999999, 385.71428571428567]",1316,2830,Upper Right
train_593.png,"[1402.5714285714284, 363.5, 730.3571428571427, 407.142857142857]",1316,2830,Upper Left
train_593.png,"[1406.142857142857, 559.9285714285713, 887.4999999999998, 528.5714285714284]",1316,2830,Lower Left
train_593.png,"[622.2142857142857, 588.4999999999999, 808.9285714285714, 491.07142857142856]",1316,2830,Lower Right
train_228.png,"[1454.9629629629628, 394.074074074074, 720.3703703703702, 351.85185185185185]",1316,2922,Upper Left
train_228.png,"[821.6296296296296, 331.1111111111111, 657.4074074074074, 407.4074074074074]",1316,2922,Upper Right
train_228.png,"[1434.5925925925926, 718.148148148148, 725.9259259259256, 357.4074074074074]",1316,2922,Lower Left
train_228.png,"[806.8148148148148, 668.148148148148, 666.6666666666665, 420.37037037037044]",1316,2922,Lower Right
train_412.png,"[751.8113207547169, 413.66037735849056, 743.3962264150944, 390.5660377358489]",1316,2984,Upper Right
train_412.png,"[1478.2264150943395, 387.2452830188679, 728.3018867924527, 418.86792452830196]",1316,2984,Upper Left
train_412.png,"[1495.2075471698113, 715.5471698113207, 728.3018867924529, 432.0754716981131]",1316,2984,Lower Left
train_412.png,"[753.6981132075472, 723.0943396226414, 747.1698113207545, 450.9433962264152]",1316,2984,Lower Right
train_26.png,"[764.7272727272726, 425.4545454545454, 712.7272727272726, 401.81818181818187]",1504,2868,Upper Right
train_26.png,"[1475.6363636363635, 465.4545454545454, 694.5454545454545, 365.4545454545455]",1504,2868,Upper Left
train_26.png,"[677.4545454545454, 756.3636363636363, 852.7272727272726, 396.36363636363626]",1504,2868,Lower Right
train_26.png,"[1522.9090909090908, 721.8181818181818, 787.2727272727273, 429.090909090909]",1504,2868,Lower Left
train_674.png,"[1461.7551020408164, 363.59183673469386, 675.5102040816328, 455.1020408163266]",1316,2920,Upper Left
train_674.png,"[825.0204081632653, 353.38775510204084, 644.8979591836735, 463.26530612244903]",1316,2920,Upper Right
train_674.png,"[1453.591836734694, 571.7551020408164, 820.408163265306, 555.1020408163265]",1316,2920,Lower Left
train_674.png,"[627.0612244897959, 514.6122448979592, 828.5714285714287, 616.3265306122449]",1316,2920,Lower Right
train_609.png,"[1484.1224489795918, 284.0, 718.3673469387754, 365.3061224489795]",1316,2913,Upper Left
train_609.png,"[696.3673469387755, 284.0, 793.8775510204081, 371.42857142857156]",1316,2913,Upper Right
train_609.png,"[1482.0816326530612, 500.32653061224494, 746.9387755102043, 510.20408163265313]",1316,2913,Lower Left
train_609.png,"[598.4081632653061, 569.7142857142858, 885.7142857142857, 442.8571428571429]",1316,2913,Lower Right
train_160.png,"[1483.0, 495.0, 596.0, 350.0]",1316,2887,Upper Left
train_160.png,"[827.0, 499.0, 678.0, 356.0]",1316,2887,Upper Right
train_160.png,"[1475.0, 705.0, 710.0, 416.0]",1316,2887,Lower Left
train_160.png,"[645.0, 709.0, 830.0, 448.0]",1316,2887,Lower Right
train_514.png,"[1472.1666666666667, 312.0, 718.7500000000002, 464.5833333333335]",1316,2954,Upper Left
train_514.png,"[818.0, 345.33333333333337, 670.8333333333335, 429.16666666666663]",1316,2954,Upper Right
train_514.png,"[1522.1666666666667, 522.4166666666667, 745.8333333333333, 654.1666666666667]",1316,2954,Lower Left
train_514.png,"[797.1666666666667, 589.0833333333335, 747.9166666666667, 597.9166666666665]",1316,2954,Lower Right
train_416.png,"[1517.4545454545453, 416.3636363636364, 999.9999999999998, 441.81818181818176]",1504,2868,Upper Left
train_416.png,"[522.9090909090909, 398.18181818181813, 992.7272727272726, 461.81818181818176]",1504,2868,Upper Right
train_416.png,"[1477.4545454545453, 810.9090909090909, 1069.0909090909092, 425.4545454545454]",1504,2868,Lower Left
train_416.png,"[411.99999999999994, 807.2727272727273, 1074.5454545454545, 447.27272727272725]",1504,2868,Lower Right
train_191.png,"[1451.0, 339.0, 746.0, 360.0]",1316,2887,Upper Left
train_191.png,"[683.0, 337.0, 786.0, 344.0]",1316,2887,Upper Right
train_191.png,"[1451.0, 651.0, 784.0, 396.0]",1316,2887,Lower Left
train_191.png,"[661.0, 621.0, 794.0, 428.0]",1316,2887,Lower Right
train_665.png,"[1438.941176470588, 310.2941176470588, 811.7647058823529, 394.1176470588234]",1316,2844,Upper Left
train_665.png,"[553.6470588235294, 333.82352941176464, 891.1764705882352, 385.2941176470588]",1316,2844,Upper Right
train_665.png,"[1433.0588235294117, 569.1176470588234, 844.1176470588234, 514.7058823529412]",1316,2844,Lower Left
train_665.png,"[435.99999999999994, 536.7647058823529, 997.0588235294117, 552.9411764705881]",1316,2844,Lower Right
train_527.png,"[1431.9090909090908, 435.090909090909, 709.0909090909092, 352.72727272727275]",1316,2846,Upper Left
train_527.png,"[691.9090909090909, 444.18181818181813, 747.2727272727271, 334.5454545454545]",1316,2846,Upper Right
train_527.png,"[1442.8181818181818, 655.090909090909, 850.9090909090908, 496.36363636363626]",1316,2846,Lower Left
train_527.png,"[706.4545454545454, 756.9090909090909, 761.8181818181819, 412.72727272727263]",1316,2846,Lower Right
train_38.png,"[958.25, 214.0, 512.5, 352.5]",976,1976,Upper Left
train_38.png,"[414.2857142857143, 200.95238095238093, 554.2857142857142, 368.57142857142856]",976,1976,Upper Right
train_38.png,"[976.1904761904761, 396.19047619047615, 565.7142857142858, 365.7142857142858]",976,1976,Lower Left
train_38.png,"[406.66666666666663, 441.90476190476187, 575.2380952380952, 328.5714285714286]",976,1976,Lower Right
train_88.png,"[768.7272727272726, 361.5757575757575, 700.0000000000001, 327.27272727272725]",1316,2952,Upper Right
train_88.png,"[1462.6666666666665, 304.0, 718.181818181818, 384.84848484848476]",1316,2952,Upper Left
train_88.png,"[1447.5151515151515, 558.5454545454545, 896.969696969697, 490.90909090909076]",1316,2952,Lower Left
train_88.png,"[614.1818181818181, 582.7878787878788, 875.7575757575756, 469.69696969696975]",1316,2952,Lower Right
train_11.png,"[1513.8181818181818, 278.18181818181813, 1036.3636363636363, 534.5454545454545]",1504,2868,Upper Left
train_11.png,"[512.0, 316.3636363636363, 1012.7272727272725, 496.3636363636363]",1504,2868,Upper Right
train_11.png,"[1513.8181818181818, 727.2727272727273, 1081.8181818181818, 512.7272727272727]",1504,2868,Lower Left
train_11.png,"[471.99999999999994, 783.6363636363635, 1065.4545454545453, 450.909090909091]",1504,2868,Lower Right
train_373.png,"[1407.2352941176468, 416.17647058823513, 782.3529411764707, 370.5882352941178]",1316,2810,Upper Left
train_373.png,"[692.5294117647059, 430.88235294117635, 717.6470588235293, 361.7647058823529]",1316,2810,Upper Right
train_373.png,"[1401.3529411764705, 680.8823529411764, 914.7058823529412, 444.1176470588234]",1316,2810,Lower Left
train_373.png,"[557.2352941176471, 648.5294117647059, 847.0588235294117, 479.4117647058822]",1316,2810,Lower Right
train_542.png,"[1352.2857142857142, 161.71428571428567, 807.1428571428569, 541.0714285714286]",1316,2808,Upper Left
train_542.png,"[555.8571428571428, 204.57142857142856, 799.9999999999999, 496.42857142857133]",1316,2808,Upper Right
train_542.png,"[1359.4285714285713, 504.57142857142856, 907.1428571428571, 603.5714285714286]",1316,2808,Lower Left
train_542.png,"[432.6428571428571, 547.4285714285713, 975.0, 562.5]",1316,2808,Lower Right
train_181.png,"[1433.4999999999998, 445.6428571428571, 741.0714285714287, 382.1428571428571]",1316,2825,Upper Left
train_181.png,"[694.2142857142857, 438.4999999999999, 742.8571428571428, 355.3571428571429]",1316,2825,Upper Right
train_181.png,"[1379.9285714285713, 747.4285714285713, 849.9999999999998, 360.7142857142858]",1316,2825,Lower Left
train_181.png,"[624.5714285714286, 738.4999999999999, 769.642857142857, 478.57142857142856]",1316,2825,Lower Right
train_156.png,"[1440.0, 401.0, 754.0, 358.0]",1316,2858,Upper Left
train_156.png,"[682.0, 475.0, 770.0, 290.0]",1316,2858,Upper Right
train_156.png,"[1426.0, 653.0, 872.0, 458.0]",1316,2858,Lower Left
train_156.png,"[564.0, 709.0, 888.0, 416.0]",1316,2858,Lower Right
train_57.png,"[1468.9259259259259, 355.1851851851851, 707.4074074074072, 403.7037037037037]",1316,2924,Upper Left
train_57.png,"[748.5555555555555, 355.1851851851851, 724.074074074074, 401.85185185185185]",1316,2924,Upper Right
train_57.png,"[1487.4444444444443, 684.8148148148148, 766.6666666666665, 461.1111111111111]",1316,2924,Lower Left
train_57.png,"[707.8148148148148, 699.6296296296296, 800.0, 470.37037037037044]",1316,2924,Lower Right
train_555.png,"[685.0, 324.69696969696963, 796.969696969697, 400.0000000000001]",1316,2882,Upper Right
train_555.png,"[1469.8484848484848, 318.6363636363636, 736.3636363636363, 415.1515151515151]",1316,2882,Upper Left
train_555.png,"[1439.5454545454545, 624.6969696969697, 872.7272727272725, 469.6969696969695]",1316,2882,Lower Left
train_555.png,"[594.090909090909, 627.7272727272727, 842.4242424242425, 472.7272727272725]",1316,2882,Lower Right
train_308.png,"[1451.7241379310346, 216.24137931034483, 751.7241379310346, 498.2758620689655]",1316,2972,Upper Left
train_308.png,"[765.5172413793103, 235.20689655172418, 725.8620689655173, 487.9310344827586]",1316,2972,Upper Right
train_308.png,"[1467.2413793103449, 457.62068965517244, 913.793103448276, 631.0344827586208]",1316,2972,Lower Left
train_308.png,"[679.3103448275863, 600.7241379310345, 798.2758620689656, 548.2758620689655]",1316,2972,Lower Right
train_171.png,"[573.5454545454545, 403.27272727272725, 938.181818181818, 458.181818181818]",1504,2868,Upper Right
train_171.png,"[1500.8181818181818, 396.0, 878.1818181818182, 454.5454545454545]",1504,2868,Upper Left
train_171.png,"[1493.5454545454545, 785.090909090909, 943.6363636363635, 443.6363636363635]",1504,2868,Lower Left
train_171.png,"[515.3636363636364, 774.1818181818181, 985.4545454545454, 458.18181818181813]",1504,2868,Lower Right
train_421.png,"[1404.5882352941176, 413.2352941176471, 691.1764705882351, 352.94117647058806]",1316,2841,Upper Left
train_421.png,"[795.7647058823529, 448.52941176470586, 623.5294117647059, 323.52941176470586]",1316,2841,Upper Right
train_421.png,"[1419.2941176470588, 633.8235294117646, 785.2941176470588, 476.47058823529414]",1316,2841,Lower Left
train_421.png,"[722.235294117647, 677.9411764705881, 699.9999999999999, 441.17647058823536]",1316,2841,Lower Right
train_37.png,"[494.25, 236.5, 467.5, 321.25]",976,1976,Upper Right
train_37.png,"[953.0, 171.5, 475.0, 386.25]",976,1976,Upper Left
train_37.png,"[956.75, 390.25, 558.75, 401.25]",976,1976,Lower Left
train_37.png,"[431.75, 436.5, 531.25, 361.25]",976,1976,Lower Right
train_98.png,"[712.2121212121211, 209.5454545454545, 727.2727272727274, 487.87878787878776]",1316,2893,Upper Right
train_98.png,"[1439.4848484848485, 158.030303030303, 733.333333333333, 545.4545454545455]",1316,2893,Upper Left
train_98.png,"[1424.3333333333333, 436.81818181818176, 878.7878787878788, 633.3333333333333]",1316,2893,Lower Left
train_98.png,"[700.090909090909, 476.21212121212113, 736.3636363636365, 612.1212121212121]",1316,2893,Lower Right
train_353.png,"[601.9285714285713, 273.2857142857142, 855.3571428571429, 457.1428571428571]",1316,2844,Upper Right
train_353.png,"[1450.142857142857, 271.5, 819.6428571428571, 426.7857142857142]",1316,2844,Upper Left
train_353.png,"[1444.7857142857142, 651.8571428571428, 755.3571428571427, 417.8571428571428]",1316,2844,Lower Left
train_353.png,"[696.5714285714286, 642.9285714285713, 758.9285714285712, 435.7142857142858]",1316,2844,Lower Right
train_14.png,"[738.4242424242424, 233.78787878787875, 693.9393939393939, 460.6060606060605]",1316,2904,Upper Right
train_14.png,"[1429.3333333333333, 230.75757575757575, 796.9696969696968, 460.6060606060605]",1316,2904,Upper Left
train_14.png,"[1453.5757575757575, 682.2727272727273, 754.5454545454545, 381.81818181818176]",1316,2904,Lower Left
train_14.png,"[732.3636363636364, 548.9393939393939, 727.2727272727271, 524.2424242424241]",1316,2904,Lower Right
train_128.png,"[1356.3846153846152, 184.46153846153845, 732.6923076923076, 574.9999999999999]",1316,2768,Upper Left
train_128.png,"[706.3846153846154, 196.0, 663.4615384615385, 567.3076923076924]",1316,2768,Upper Right
train_128.png,"[1377.5384615384614, 501.7692307692307, 863.4615384615386, 613.4615384615386]",1316,2768,Lower Left
train_128.png,"[562.1538461538462, 486.38461538461536, 875.0, 632.6923076923077]",1316,2768,Lower Right
train_252.png,"[1390.642857142857, 333.1428571428571, 998.2142857142856, 441.07142857142856]",1316,2824,Upper Left
train_252.png,"[531.7142857142857, 343.8571428571428, 871.4285714285714, 403.57142857142856]",1316,2824,Upper Right
train_252.png,"[1424.5714285714284, 634.9285714285713, 1055.3571428571427, 491.07142857142844]",1316,2824,Lower Left
train_252.png,"[501.35714285714283, 643.8571428571428, 948.2142857142856, 494.642857142857]",1316,2824,Lower Right
train_211.png,"[1473.5102040816328, 310.53061224489795, 577.5510204081634, 395.9183673469389]",1316,2968,Upper Left
train_211.png,"[879.6326530612245, 363.59183673469386, 612.2448979591837, 357.1428571428572]",1316,2968,Upper Right
train_211.png,"[1453.1020408163265, 471.7551020408164, 722.4489795918369, 553.0612244897959]",1316,2968,Lower Left
train_211.png,"[793.9183673469388, 522.7755102040817, 675.5102040816328, 508.1632653061224]",1316,2968,Lower Right
train_286.png,"[1383.2857142857142, 439.57142857142844, 708.5714285714284, 345.7142857142858]",1316,2728,Upper Left
train_286.png,"[671.8571428571428, 436.71428571428555, 714.2857142857143, 354.2857142857142]",1316,2728,Upper Right
train_286.png,"[1394.7142857142856, 719.5714285714284, 751.4285714285713, 402.8571428571429]",1316,2728,Lower Left
train_286.png,"[577.5714285714286, 693.8571428571427, 825.7142857142857, 445.7142857142858]",1316,2728,Lower Right
train_93.png,"[1473.8333333333335, 232.83333333333337, 712.5, 475.0000000000001]",1316,2990,Upper Left
train_93.png,"[763.4166666666667, 249.5, 718.75, 464.5833333333335]",1316,2990,Upper Right
train_93.png,"[1469.6666666666667, 480.75, 839.5833333333333, 520.8333333333335]",1316,2990,Lower Left
train_93.png,"[696.75, 514.0833333333334, 791.6666666666667, 495.83333333333337]",1316,2990,Lower Right
train_610.png,"[1428.0, 433.3333333333333, 589.3333333333333, 370.6666666666667]",1316,2963,Upper Left
train_610.png,"[941.5254237288136, 406.77966101694915, 513.5593220338983, 381.3559322033899]",1316,2963,Upper Right
train_610.png,"[1424.4897959183675, 753.0612244897959, 718.3673469387757, 396.9387755102041]",1316,2963,Lower Left
train_610.png,"[826.6666666666666, 736.6666666666666, 619.4221282593375, 353.2193732193731]",1316,2963,Lower Right
train_304.png,"[1508.5454545454545, 498.18181818181813, 1005.4545454545455, 398.18181818181813]",1504,2872,Upper Left
train_304.png,"[481.27272727272725, 414.5454545454545, 1047.2727272727273, 467.27272727272725]",1504,2872,Upper Right
train_304.png,"[1483.090909090909, 812.7272727272726, 1078.181818181818, 439.9999999999999]",1504,2872,Lower Left
train_304.png,"[535.8181818181818, 801.8181818181818, 961.8181818181818, 489.090909090909]",1504,2872,Lower Right
train_585.png,"[1471.3584905660377, 245.45283018867923, 677.3584905660377, 471.6981132075471]",1316,2981,Upper Left
train_585.png,"[878.9056603773585, 296.39622641509436, 616.9811320754717, 426.41509433962256]",1316,2981,Upper Right
train_585.png,"[1494.0, 611.4905660377358, 813.2075471698113, 515.0943396226414]",1316,2981,Lower Left
train_585.png,"[656.2641509433962, 620.9245283018868, 856.6037735849055, 505.66037735849045]",1316,2981,Lower Right
train_584.png,"[1385.5882352941176, 475.0, 755.8823529411766, 347.0588235294117]",1316,2802,Upper Left
train_584.png,"[682.6470588235294, 472.0588235294117, 711.7647058823528, 347.0588235294117]",1316,2802,Upper Right
train_584.png,"[1388.5294117647059, 751.4705882352939, 779.4117647058824, 397.05882352941194]",1316,2802,Lower Left
train_584.png,"[612.0588235294117, 722.0588235294117, 782.3529411764705, 441.17647058823513]",1316,2802,Lower Right
train_172.png,"[1503.0943396226414, 207.71698113207543, 750.943396226415, 484.9056603773585]",1316,2970,Upper Left
train_172.png,"[772.9056603773585, 190.73584905660374, 741.5094339622641, 498.1132075471698]",1316,2970,Upper Right
train_172.png,"[1474.7924528301885, 530.3584905660377, 871.6981132075473, 545.2830188679245]",1316,2970,Lower Left
train_172.png,"[697.4339622641509, 539.7924528301886, 809.4339622641509, 575.4716981132075]",1316,2970,Lower Right
train_124.png,"[1404.7777777777776, 403.33333333333326, 907.4074074074076, 335.1851851851852]",1316,2892,Upper Left
train_124.png,"[621.4444444444445, 344.074074074074, 787.0370370370368, 387.03703703703707]",1316,2892,Upper Right
train_124.png,"[1421.4444444444443, 729.2592592592592, 887.037037037037, 364.81481481481467]",1316,2892,Lower Left
train_124.png,"[601.074074074074, 703.3333333333333, 864.8148148148147, 424.07407407407413]",1316,2892,Lower Right
train_145.png,"[1453.4716981132074, 360.5471698113207, 637.7358490566039, 426.41509433962267]",1316,2950,Upper Left
train_145.png,"[842.1509433962264, 373.754716981132, 626.4150943396227, 422.64150943396237]",1316,2950,Upper Right
train_145.png,"[1449.698113207547, 545.4528301886792, 843.3962264150941, 564.1509433962265]",1316,2950,Lower Left
train_145.png,"[696.8679245283018, 588.8490566037735, 764.1509433962264, 524.5283018867924]",1316,2950,Lower Right
train_528.png,"[1376.705882352941, 236.76470588235293, 826.4705882352941, 367.6470588235293]",1316,2796,Upper Left
train_528.png,"[556.1176470588235, 222.0588235294117, 823.5294117647057, 379.4117647058822]",1316,2796,Upper Right
train_528.png,"[1397.2941176470588, 527.9411764705881, 867.6470588235295, 435.2941176470588]",1316,2796,Lower Left
train_528.png,"[514.9411764705882, 530.8823529411764, 888.235294117647, 467.6470588235295]",1316,2796,Lower Right
train_576.png,"[794.9629629629629, 380.55555555555554, 770.3703703703703, 470.3703703703703]",1316,2928,Upper Right
train_576.png,"[1550.5185185185185, 402.7777777777777, 661.1111111111111, 448.14814814814815]",1316,2928,Upper Left
train_576.png,"[1470.8888888888887, 786.1111111111111, 792.5925925925926, 387.03703703703695]",1316,2928,Lower Left
train_576.png,"[700.5185185185185, 686.1111111111111, 801.8518518518517, 475.92592592592587]",1316,2928,Lower Right
train_280.png,"[1457.4905660377358, 264.3207547169811, 701.8867924528299, 469.8113207547169]",1316,2991,Upper Left
train_280.png,"[761.2641509433962, 268.0943396226414, 724.5283018867923, 458.4905660377359]",1316,2991,Upper Right
train_280.png,"[1480.132075471698, 534.132075471698, 909.433962264151, 607.5471698113208]",1316,2991,Lower Left
train_280.png,"[595.2264150943396, 551.1132075471697, 952.8301886792452, 594.3396226415094]",1316,2991,Lower Right
train_312.png,"[1499.2727272727273, 556.3636363636363, 981.8181818181818, 367.27272727272725]",1504,2868,Upper Left
train_312.png,"[577.4545454545454, 525.4545454545454, 939.9999999999999, 410.9090909090909]",1504,2868,Upper Right
train_312.png,"[1506.5454545454545, 838.1818181818181, 1038.181818181818, 481.81818181818164]",1504,2868,Lower Left
train_312.png,"[484.7272727272727, 870.9090909090909, 1067.272727272727, 479.9999999999999]",1504,2868,Lower Right
train_200.png,"[1502.9090909090908, 265.45454545454544, 959.9999999999998, 574.5454545454545]",1504,2868,Upper Left
train_200.png,"[644.7272727272726, 272.7272727272727, 863.6363636363636, 565.4545454545455]",1504,2868,Upper Right
train_200.png,"[1475.6363636363635, 732.7272727272726, 996.3636363636365, 561.8181818181819]",1504,2868,Lower Left
train_200.png,"[604.7272727272726, 769.090909090909, 896.3636363636364, 563.6363636363635]",1504,2868,Lower Right
train_265.png,"[1403.4117647058822, 274.9999999999999, 749.9999999999998, 400.0000000000001]",1316,2820,Upper Left
train_265.png,"[612.235294117647, 277.9411764705882, 808.8235294117648, 405.88235294117646]",1316,2820,Upper Right
train_265.png,"[1418.1176470588234, 475.0, 820.5882352941176, 541.1764705882351]",1316,2820,Lower Left
train_265.png,"[538.7058823529411, 454.4117647058822, 888.235294117647, 582.3529411764707]",1316,2820,Lower Right
train_394.png,"[1368.392156862745, 406.3921568627451, 884.313725490196, 339.2156862745097]",1316,2817,Upper Left
train_394.png,"[546.8235294117648, 390.7058823529412, 849.0196078431371, 362.7450980392157]",1316,2817,Upper Right
train_394.png,"[1421.3333333333333, 622.078431372549, 888.2352941176471, 466.66666666666674]",1316,2817,Lower Left
train_394.png,"[550.7450980392157, 678.9411764705883, 876.4705882352941, 407.8431372549019]",1316,2817,Lower Right
train_468.png,"[708.2727272727273, 276.21212121212113, 745.4545454545455, 403.0303030303031]",1316,2873,Upper Right
train_468.png,"[1447.6666666666665, 251.96969696969688, 784.848484848485, 427.27272727272737]",1316,2873,Upper Left
train_468.png,"[1444.6363636363635, 567.1212121212121, 848.4848484848485, 503.0303030303029]",1316,2873,Lower Left
train_468.png,"[593.1212121212121, 567.1212121212121, 857.5757575757574, 503.0303030303029]",1316,2873,Lower Right
train_423.png,"[1470.6734693877552, 375.8367346938776, 616.3265306122448, 344.8979591836735]",1316,2947,Upper Left
train_423.png,"[870.6734693877551, 394.20408163265313, 610.2040816326531, 332.65306122448976]",1316,2947,Upper Right
train_423.png,"[1482.9183673469388, 637.0612244897959, 763.2653061224491, 416.32653061224505]",1316,2947,Lower Left
train_423.png,"[742.1020408163265, 675.8367346938776, 742.8571428571429, 387.7551020408164]",1316,2947,Lower Right
train_56.png,"[1444.8484848484848, 214.78787878787875, 760.6060606060607, 433.33333333333326]",1316,2880,Upper Left
train_56.png,"[705.4545454545454, 260.24242424242425, 781.8181818181819, 403.030303030303]",1316,2880,Upper Right
train_56.png,"[1426.6666666666665, 472.36363636363626, 881.818181818182, 596.969696969697]",1316,2880,Lower Left
train_56.png,"[614.5454545454545, 487.5151515151515, 833.3333333333333, 581.8181818181818]",1316,2880,Lower Right
train_158.png,"[1369.8235294117646, 351.47058823529403, 682.3529411764705, 461.7647058823528]",1316,2794,Upper Left
train_158.png,"[760.9999999999999, 386.7647058823528, 623.529411764706, 429.4117647058823]",1316,2794,Upper Right
train_158.png,"[1408.0588235294117, 604.4117647058822, 732.3529411764703, 505.8823529411766]",1316,2794,Lower Left
train_158.png,"[655.1176470588235, 625.0, 767.6470588235294, 488.23529411764684]",1316,2794,Lower Right
train_234.png,"[1451.7878787878788, 320.84848484848476, 830.3030303030303, 363.63636363636374]",1316,2906,Upper Left
train_234.png,"[633.6060606060606, 311.75757575757575, 827.2727272727271, 378.78787878787875]",1316,2906,Upper Right
train_234.png,"[1448.7575757575758, 578.4242424242423, 854.5454545454543, 506.06060606060623]",1316,2906,Lower Left
train_234.png,"[615.4242424242424, 581.4545454545455, 848.4848484848484, 506.060606060606]",1316,2906,Lower Right
train_299.png,"[1373.3333333333335, 312.66666666666674, 819.4444444444443, 394.44444444444434]",1316,2692,Upper Left
train_299.png,"[592.7777777777778, 343.2222222222223, 800.0, 402.7777777777777]",1316,2692,Upper Right
train_299.png,"[1337.2222222222222, 562.6666666666667, 977.7777777777778, 566.6666666666667]",1316,2692,Lower Left
train_299.png,"[490.0, 607.1111111111111, 900.0, 519.4444444444446]",1316,2692,Lower Right
train_115.png,"[722.2727272727273, 174.7272727272727, 676.3636363636363, 541.8181818181818]",1316,2860,Upper Right
train_115.png,"[1384.090909090909, 174.7272727272727, 732.7272727272725, 540.0]",1316,2860,Upper Left
train_115.png,"[1422.2727272727273, 392.9090909090909, 818.1818181818182, 678.1818181818181]",1316,2860,Lower Left
train_115.png,"[555.0, 431.090909090909, 952.7272727272725, 645.4545454545455]",1316,2860,Lower Right
train_214.png,"[505.5, 255.25, 445.0, 295.0]",976,1976,Upper Right
train_214.png,"[931.75, 232.75, 411.25, 317.5]",976,1976,Upper Left
train_214.png,"[943.0, 422.75, 461.25, 351.25]",976,1976,Lower Left
train_214.png,"[460.5, 461.5, 513.75, 313.75]",976,1976,Lower Right
train_648.png,"[678.8484848484849, 376.21212121212113, 778.7878787878786, 436.3636363636364]",1316,2900,Upper Right
train_648.png,"[1445.5151515151515, 415.6060606060605, 790.909090909091, 403.030303030303]",1316,2900,Upper Left
train_648.png,"[1442.4848484848485, 770.151515151515, 906.060606060606, 387.878787878788]",1316,2900,Lower Left
train_648.png,"[548.5454545454545, 730.7575757575758, 915.151515151515, 460.6060606060605]",1316,2900,Lower Right
train_376.png,"[1450.181818181818, 295.09090909090907, 850.909090909091, 418.1818181818182]",1316,2869,Upper Left
train_376.png,"[639.2727272727273, 293.27272727272725, 814.5454545454545, 370.9090909090909]",1316,2869,Upper Right
train_376.png,"[1446.5454545454545, 651.4545454545454, 852.7272727272725, 429.0909090909091]",1316,2869,Lower Left
train_376.png,"[641.090909090909, 620.5454545454545, 834.5454545454545, 450.90909090909076]",1316,2869,Lower Right
train_620.png,"[668.9393939393939, 321.66666666666663, 775.7575757575756, 503.0303030303031]",1316,2862,Upper Right
train_620.png,"[1441.6666666666665, 345.9090909090909, 742.4242424242425, 478.78787878787887]",1316,2862,Upper Left
train_620.png,"[1426.5151515151515, 664.090909090909, 863.6363636363635, 518.1818181818182]",1316,2862,Lower Left
train_620.png,"[544.6969696969696, 658.030303030303, 884.8484848484849, 533.3333333333333]",1316,2862,Lower Right
train_241.png,"[634.8771929824561, 205.57894736842098, 745.6140350877192, 470.17543859649123]",1316,2775,Upper Right
train_241.png,"[1380.4912280701753, 224.8771929824561, 780.7017543859649, 445.61403508771923]",1316,2775,Upper Left
train_241.png,"[1376.9824561403507, 558.2105263157894, 798.2456140350878, 494.7368421052631]",1316,2775,Lower Left
train_241.png,"[585.7543859649122, 582.7719298245613, 800.0, 464.9122807017543]",1316,2775,Lower Right
train_134.png,"[713.4814814814814, 193.51851851851848, 779.6296296296297, 485.1851851851852]",1316,2928,Upper Right
train_134.png,"[1470.8888888888887, 206.48148148148147, 740.7407407407409, 475.9259259259259]",1316,2928,Upper Left
train_134.png,"[1474.5925925925924, 463.8888888888888, 825.9259259259259, 544.4444444444445]",1316,2928,Lower Left
train_134.png,"[683.8518518518518, 510.1851851851851, 799.9999999999999, 498.14814814814815]",1316,2928,Lower Right
train_636.png,"[1486.1224489795918, 469.7142857142858, 746.9387755102043, 326.53061224489784]",1316,2916,Upper Left
train_636.png,"[757.5510204081633, 408.48979591836735, 730.6122448979592, 381.63265306122446]",1316,2916,Upper Right
train_636.png,"[1477.9591836734694, 688.0816326530612, 832.6530612244896, 438.7755102040817]",1316,2916,Lower Left
train_636.png,"[675.9183673469388, 606.4489795918367, 812.2448979591836, 522.4489795918367]",1316,2916,Lower Right
train_281.png,"[750.0377358490566, 240.07547169811323, 766.0377358490566, 496.2264150943395]",1316,2988,Upper Right
train_281.png,"[1502.8679245283017, 234.41509433962267, 722.6415094339625, 509.43396226415086]",1316,2988,Upper Left
train_281.png,"[1489.6603773584905, 543.8490566037735, 801.8867924528302, 550.9433962264152]",1316,2988,Lower Left
train_281.png,"[670.7924528301886, 521.2075471698113, 837.7358490566038, 575.4716981132076]",1316,2988,Lower Right
train_183.png,"[737.1509433962264, 387.2452830188679, 745.2830188679246, 386.7924528301887]",1316,2965,Upper Right
train_183.png,"[1463.566037735849, 394.7924528301886, 777.3584905660377, 369.81132075471703]",1316,2965,Upper Left
train_183.png,"[1488.0943396226414, 706.1132075471697, 794.3396226415095, 441.5094339622641]",1316,2965,Lower Left
train_183.png,"[693.754716981132, 696.6792452830189, 811.3207547169812, 458.4905660377358]",1316,2965,Lower Right
train_366.png,"[1468.8311688311687, 312.987012987013, 632.4675324675327, 403.89610389610385]",1316,2917,Upper Left
train_366.png,"[726.3157894736842, 298.6842105263158, 757.357679914071, 419.00286430361615]",1316,2917,Upper Right
train_366.png,"[1439.4736842105262, 697.3684210526316, 782.8947368421054, 423.6842105263157]",1316,2917,Lower Left
train_366.png,"[653.3333333333334, 629.3333333333334, 816.8932038834952, 491.37864077669894]",1316,2917,Lower Right
train_123.png,"[639.2857142857142, 423.2857142857142, 787.5, 394.6428571428571]",1316,2808,Upper Right
train_123.png,"[1407.142857142857, 414.3571428571428, 762.4999999999998, 412.4999999999999]",1316,2808,Upper Left
train_123.png,"[1407.142857142857, 732.2142857142857, 778.5714285714282, 437.4999999999999]",1316,2808,Lower Left
train_123.png,"[598.2142857142857, 728.642857142857, 816.0714285714286, 455.3571428571428]",1316,2808,Lower Right
train_413.png,"[1459.6666666666665, 263.27272727272725, 857.5757575757575, 393.939393939394]",1316,2946,Upper Left
train_413.png,"[647.5454545454545, 266.30303030303025, 821.2121212121212, 409.090909090909]",1316,2946,Upper Right
train_413.png,"[1456.6363636363635, 608.7272727272727, 860.6060606060605, 433.33333333333326]",1316,2946,Lower Left
train_413.png,"[614.2121212121211, 602.6666666666665, 863.6363636363636, 442.4242424242425]",1316,2946,Lower Right
train_118.png,"[738.4545454545454, 331.090909090909, 729.0909090909091, 460.0]",1316,2856,Upper Right
train_118.png,"[1460.2727272727273, 371.090909090909, 690.9090909090908, 416.36363636363626]",1316,2856,Upper Left
train_118.png,"[1460.2727272727273, 691.090909090909, 707.2727272727273, 456.36363636363626]",1316,2856,Lower Left
train_118.png,"[698.4545454545454, 620.1818181818181, 774.5454545454544, 530.9090909090909]",1316,2856,Lower Right
train_40.png,"[1448.9393939393938, 348.1212121212121, 878.7878787878788, 357.5757575757576]",1316,2846,Upper Left
train_40.png,"[582.2727272727273, 351.1515151515151, 875.7575757575758, 369.69696969696963]",1316,2846,Upper Right
train_40.png,"[1421.6666666666665, 608.7272727272727, 945.4545454545455, 469.6969696969695]",1316,2846,Lower Left
train_40.png,"[509.5454545454545, 645.090909090909, 924.2424242424242, 436.36363636363626]",1316,2846,Lower Right
train_367.png,"[716.3157894736842, 424.8771929824561, 717.5438596491226, 333.33333333333326]",1316,2788,Upper Right
train_367.png,"[1428.59649122807, 410.8421052631578, 703.5087719298247, 385.9649122807017]",1316,2788,Upper Left
train_367.png,"[1411.0526315789473, 631.8947368421052, 819.2982456140351, 478.9473684210525]",1316,2788,Lower Left
train_367.png,"[688.2456140350877, 673.9999999999999, 733.3333333333331, 443.8596491228069]",1316,2788,Lower Right
train_586.png,"[887.5471698113207, 438.18867924528297, 635.8490566037736, 405.66037735849056]",1316,2980,Upper Right
train_586.png,"[1519.6226415094338, 443.84905660377353, 632.0754716981132, 403.7735849056603]",1316,2980,Upper Left
train_586.png,"[1480.0, 649.5094339622641, 705.6603773584907, 477.35849056603763]",1316,2980,Lower Left
train_586.png,"[878.1132075471697, 715.5471698113207, 632.0754716981131, 405.66037735849056]",1316,2980,Lower Right
train_386.png,"[1511.9999999999998, 481.81818181818176, 789.0909090909092, 438.18181818181824]",1504,2868,Upper Left
train_386.png,"[604.5454545454545, 371.2121212121212, 938.4925201380897, 549.4582698493314]",1504,2868,Upper Right
train_386.png,"[1516.6666666666667, 788.8888888888889, 990.2777777777776, 512.5]",1504,2868,Lower Left
train_386.png,"[547.6923076923076, 755.3846153846154, 976.5795369678865, 544.6153846153846]",1504,2868,Lower Right
train_104.png,"[1481.090909090909, 429.090909090909, 878.181818181818, 460.0]",1504,2868,Upper Left
train_104.png,"[690.1818181818181, 396.3636363636364, 801.8181818181816, 499.9999999999999]",1504,2868,Upper Right
train_104.png,"[1491.9999999999998, 756.3636363636363, 990.9090909090908, 532.7272727272727]",1504,2868,Lower Left
train_104.png,"[597.4545454545454, 770.9090909090909, 892.7272727272726, 530.9090909090909]",1504,2868,Lower Right
train_662.png,"[1411.8181818181818, 346.0, 765.4545454545453, 374.5454545454545]",1316,2865,Upper Left
train_662.png,"[642.7272727272726, 367.81818181818176, 770.9090909090909, 370.9090909090909]",1316,2865,Upper Right
train_662.png,"[1420.9090909090908, 607.8181818181818, 836.3636363636363, 430.90909090909076]",1316,2865,Lower Left
train_662.png,"[575.4545454545454, 618.7272727272726, 901.8181818181819, 465.4545454545454]",1316,2865,Lower Right
train_51.png,"[695.5454545454545, 414.72727272727263, 741.8181818181818, 385.4545454545454]",1316,2872,Upper Right
train_51.png,"[1430.090909090909, 409.27272727272725, 765.4545454545455, 401.81818181818176]",1316,2872,Upper Left
train_51.png,"[1444.6363636363635, 747.4545454545454, 754.5454545454545, 425.4545454545454]",1316,2872,Lower Left
train_51.png,"[595.5454545454545, 656.5454545454545, 854.5454545454545, 489.090909090909]",1316,2872,Lower Right
train_565.png,"[738.8518518518518, 239.81481481481478, 774.074074074074, 400.0]",1316,2937,Upper Right
train_565.png,"[1512.9259259259259, 236.1111111111111, 724.0740740740741, 400.0]",1316,2937,Upper Left
train_565.png,"[1468.4814814814813, 499.074074074074, 805.5555555555557, 461.111111111111]",1316,2937,Lower Left
train_565.png,"[640.7037037037037, 471.2962962962962, 844.4444444444443, 498.14814814814815]",1316,2937,Lower Right
train_219.png,"[508.30303030303025, 364.1515151515151, 915.1515151515152, 506.0606060606061]",1504,2868,Upper Right
train_219.png,"[1384.060606060606, 345.9696969696969, 1042.4242424242425, 524.2424242424244]",1504,2868,Upper Left
train_219.png,"[1474.969696969697, 776.2727272727273, 1030.30303030303, 466.6666666666665]",1504,2868,Lower Left
train_219.png,"[481.030303030303, 797.4848484848485, 1015.151515151515, 457.5757575757575]",1504,2868,Lower Right
train_133.png,"[699.0714285714286, 330.42857142857133, 708.9285714285712, 375.0]",1316,2824,Upper Right
train_133.png,"[1404.4285714285713, 325.07142857142856, 694.6428571428571, 366.07142857142856]",1316,2824,Upper Left
train_133.png,"[1404.4285714285713, 648.2857142857142, 757.1428571428571, 355.3571428571429]",1316,2824,Lower Left
train_133.png,"[609.7857142857142, 614.3571428571428, 823.2142857142856, 392.8571428571428]",1316,2824,Lower Right
train_363.png,"[742.0377358490566, 313.66037735849056, 726.4150943396226, 409.43396226415086]",1316,2972,Upper Right
train_363.png,"[1466.566037735849, 306.11320754716974, 688.6792452830186, 405.66037735849056]",1316,2972,Upper Left
train_363.png,"[1462.7924528301885, 615.5471698113207, 743.3962264150944, 507.5471698113207]",1316,2972,Lower Left
train_363.png,"[713.7358490566037, 619.3207547169811, 769.8113207547169, 503.7735849056603]",1316,2972,Lower Right
train_685.png,"[1357.142857142857, 471.0, 762.8571428571429, 354.2857142857142]",1316,2750,Upper Left
train_685.png,"[605.7142857142857, 468.1428571428571, 797.142857142857, 342.85714285714266]",1316,2750,Upper Right
train_685.png,"[1325.7142857142856, 702.4285714285713, 857.1428571428571, 425.71428571428555]",1316,2750,Lower Left
train_685.png,"[462.85714285714283, 648.1428571428571, 942.8571428571427, 499.9999999999998]",1316,2750,Lower Right
train_483.png,"[771.2857142857142, 309.0, 632.1428571428571, 537.5]",1316,2822,Upper Right
train_483.png,"[1401.642857142857, 337.57142857142856, 673.2142857142856, 507.142857142857]",1316,2822,Upper Left
train_483.png,"[1392.7142857142856, 616.1428571428571, 794.6428571428571, 560.7142857142856]",1316,2822,Lower Left
train_483.png,"[649.8571428571428, 557.2142857142857, 753.5714285714286, 623.2142857142857]",1316,2822,Lower Right
train_260.png,"[549.25, 255.25, 411.25, 296.25]",976,1976,Upper Right
train_260.png,"[949.25, 236.5, 393.75, 313.75]",976,1976,Upper Left
train_260.png,"[945.5, 421.5, 462.5, 365.0]",976,1976,Lower Left
train_260.png,"[484.25, 437.75, 468.75, 353.75]",976,1976,Lower Right
train_340.png,"[890.3846153846154, 290.7692307692307, 642.3076923076923, 444.2307692307693]",1316,3000,Upper Right
train_340.png,"[1528.8461538461538, 327.30769230769226, 746.1538461538462, 400.0]",1316,3000,Upper Left
train_340.png,"[867.3076923076923, 721.5384615384615, 665.3846153846154, 357.69230769230774]",1316,3000,Lower Right
train_340.png,"[1526.923076923077, 669.6153846153845, 851.9230769230769, 411.53846153846166]",1316,3000,Lower Left
train_643.png,"[745.5555555555555, 356.4814814814814, 716.6666666666666, 398.14814814814815]",1316,2944,Upper Right
train_643.png,"[1449.2592592592591, 347.2222222222222, 703.7037037037039, 400.0]",1316,2944,Upper Left
train_643.png,"[1465.9259259259259, 663.8888888888888, 801.851851851852, 494.44444444444446]",1316,2944,Lower Left
train_643.png,"[695.5555555555555, 621.2962962962962, 783.3333333333331, 537.0370370370371]",1316,2944,Lower Right
train_408.png,"[1503.090909090909, 516.3636363636363, 956.363636363636, 354.5454545454546]",1504,2872,Upper Left
train_408.png,"[604.9090909090909, 403.6363636363636, 929.0909090909089, 467.27272727272725]",1504,2872,Upper Right
train_408.png,"[1483.090909090909, 776.3636363636363, 1069.090909090909, 549.090909090909]",1504,2872,Lower Left
train_408.png,"[579.4545454545454, 769.090909090909, 909.0909090909091, 550.9090909090908]",1504,2872,Lower Right
train_670.png,"[1410.5294117647059, 345.58823529411757, 773.5294117647059, 426.47058823529414]",1316,2846,Upper Left
train_670.png,"[713.470588235294, 342.6470588235294, 697.0588235294118, 438.23529411764696]",1316,2846,Upper Right
train_670.png,"[1416.4117647058822, 566.1764705882351, 788.2352941176471, 523.5294117647059]",1316,2846,Lower Left
train_670.png,"[622.2941176470588, 575.0, 808.8235294117646, 526.4705882352939]",1316,2846,Lower Right
train_27.png,"[1328.8571428571427, 236.71428571428567, 820.0, 425.71428571428567]",1316,2723,Upper Left
train_27.png,"[594.5714285714286, 242.42857142857133, 759.9999999999999, 425.7142857142858]",1316,2723,Upper Right
train_27.png,"[1374.5714285714284, 505.2857142857142, 905.7142857142858, 514.2857142857142]",1316,2723,Lower Left
train_27.png,"[477.4285714285714, 559.5714285714284, 897.1428571428571, 474.2857142857142]",1316,2723,Lower Right
train_65.png,"[1400.2857142857142, 390.2857142857142, 714.2857142857142, 380.3571428571428]",1316,2805,Upper Left
train_65.png,"[594.9285714285713, 356.3571428571428, 808.9285714285713, 423.21428571428567]",1316,2805,Upper Right
train_65.png,"[1369.9285714285713, 722.4285714285713, 798.2142857142856, 466.07142857142844]",1316,2805,Lower Left
train_65.png,"[480.6428571428571, 670.6428571428571, 923.2142857142856, 505.35714285714266]",1316,2805,Lower Right
train_622.png,"[499.25, 267.75, 457.5, 290.0]",976,1976,Upper Right
train_622.png,"[951.75, 235.25, 431.25, 323.75]",976,1976,Upper Left
train_622.png,"[939.25, 416.5, 491.25, 355.0]",976,1976,Lower Left
train_622.png,"[500.5, 449.0, 440.0, 336.25]",976,1976,Lower Right
train_374.png,"[1459.591836734694, 263.59183673469386, 695.9183673469388, 455.1020408163266]",1316,2933,Upper Left
train_374.png,"[751.4285714285714, 294.20408163265313, 712.2448979591837, 430.61224489795916]",1316,2933,Upper Right
train_374.png,"[1465.7142857142858, 481.9591836734694, 844.8979591836733, 534.6938775510205]",1316,2933,Lower Left
train_374.png,"[602.4489795918367, 500.32653061224494, 871.4285714285714, 532.6530612244898]",1316,2933,Lower Right
train_297.png,"[1391.9090909090908, 411.4545454545454, 765.4545454545453, 447.27272727272737]",1316,2847,Upper Left
train_297.png,"[659.1818181818181, 398.72727272727263, 754.5454545454544, 445.4545454545454]",1316,2847,Upper Right
train_297.png,"[1426.4545454545453, 776.9090909090909, 847.2727272727273, 379.9999999999999]",1316,2847,Lower Left
train_297.png,"[590.090909090909, 727.8181818181818, 840.0, 492.72727272727275]",1316,2847,Lower Right
train_571.png,"[1388.6470588235293, 366.17647058823525, 788.2352941176468, 379.4117647058823]",1316,2814,Upper Left
train_571.png,"[641.5882352941176, 369.1176470588234, 767.6470588235293, 382.3529411764705]",1316,2814,Upper Right
train_571.png,"[1421.0, 619.1176470588234, 788.2352941176468, 488.2352941176471]",1316,2814,Lower Left
train_571.png,"[571.0, 651.4705882352939, 876.4705882352939, 473.52941176470586]",1316,2814,Lower Right
train_301.png,"[1421.75, 394.0, 671.875, 353.125]",1316,2959,Upper Left
train_301.png,"[859.25, 437.75, 575.0, 318.75]",1316,2959,Upper Right
train_301.png,"[1443.625, 637.75, 728.125, 403.125]",1316,2959,Lower Left
train_301.png,"[771.75, 659.625, 678.125, 403.125]",1316,2959,Lower Right
train_476.png,"[1530.3636363636363, 325.45454545454544, 954.5454545454543, 516.3636363636363]",1504,2872,Upper Left
train_476.png,"[588.5454545454545, 307.27272727272725, 943.6363636363635, 534.5454545454545]",1504,2872,Upper Right
train_476.png,"[1501.2727272727273, 627.2727272727273, 1076.3636363636363, 632.7272727272727]",1504,2872,Lower Left
train_476.png,"[492.18181818181813, 667.2727272727273, 1019.9999999999999, 590.9090909090908]",1504,2872,Lower Right
train_105.png,"[1328.5555555555557, 490.44444444444457, 700.0, 341.6666666666665]",1316,2708,Upper Left
train_105.png,"[681.3333333333334, 496.0, 672.2222222222223, 338.8888888888889]",1316,2708,Upper Right
train_105.png,"[1339.6666666666667, 696.0, 844.4444444444446, 447.2222222222222]",1316,2708,Lower Left
train_105.png,"[567.4444444444445, 687.6666666666667, 805.5555555555555, 458.33333333333326]",1316,2708,Lower Right
train_557.png,"[1412.074074074074, 208.88888888888886, 668.5185185185187, 551.8518518518517]",1316,2913,Upper Left
train_557.png,"[782.4444444444443, 212.59259259259255, 635.1851851851852, 553.7037037037037]",1316,2913,Upper Right
train_557.png,"[1438.0, 458.8888888888888, 755.5555555555552, 600.0000000000001]",1316,2913,Lower Left
train_557.png,"[673.1851851851851, 527.4074074074074, 779.6296296296297, 548.148148148148]",1316,2913,Lower Right
train_248.png,"[1478.0, 311.4905660377358, 807.5471698113206, 401.88679245283015]",1316,2950,Upper Left
train_248.png,"[632.7169811320755, 296.39622641509436, 854.7169811320755, 426.41509433962256]",1316,2950,Upper Right
train_248.png,"[1483.6603773584905, 643.566037735849, 979.2452830188679, 460.37735849056594]",1316,2950,Lower Left
train_248.png,"[502.5283018867924, 598.2830188679245, 1015.0943396226414, 556.6037735849056]",1316,2950,Lower Right
train_253.png,"[734.8518518518518, 195.37037037037032, 733.3333333333331, 475.92592592592587]",1316,2929,Upper Right
train_253.png,"[1453.3703703703702, 223.1481481481481, 720.3703703703702, 459.2592592592593]",1316,2929,Upper Left
train_253.png,"[1438.5555555555554, 536.1111111111111, 824.0740740740741, 531.4814814814815]",1316,2929,Lower Left
train_253.png,"[592.2592592592592, 487.96296296296293, 859.2592592592592, 585.1851851851851]",1316,2929,Lower Right
train_293.png,"[1391.470588235294, 345.58823529411757, 823.5294117647061, 385.2941176470588]",1316,2802,Upper Left
train_293.png,"[597.3529411764705, 348.52941176470586, 814.7058823529412, 350.0]",1316,2802,Upper Right
train_293.png,"[1388.5294117647059, 636.7647058823529, 867.6470588235293, 455.88235294117635]",1316,2802,Lower Left
train_293.png,"[544.4117647058823, 610.2941176470588, 852.9411764705882, 473.52941176470586]",1316,2802,Lower Right
train_484.png,"[1403.6363636363635, 444.18181818181813, 781.818181818182, 341.81818181818176]",1316,2844,Upper Left
train_484.png,"[779.9999999999999, 475.090909090909, 643.6363636363636, 329.0909090909091]",1316,2844,Upper Right
train_484.png,"[1430.9090909090908, 698.7272727272726, 807.2727272727273, 436.3636363636364]",1316,2844,Lower Left
train_484.png,"[600.0, 727.8181818181818, 852.7272727272725, 409.090909090909]",1316,2844,Lower Right
train_649.png,"[962.0, 269.0, 535.0, 288.75]",976,1976,Upper Left
train_649.png,"[503.25, 260.25, 463.75, 303.75]",976,1976,Upper Right
train_649.png,"[977.0, 459.0, 506.25, 308.75]",976,1976,Lower Left
train_649.png,"[495.75, 509.0, 505.0, 263.75]",976,1976,Lower Right
train_688.png,"[1510.3636363636363, 387.27272727272725, 1016.3636363636363, 479.9999999999999]",1504,2872,Upper Left
train_688.png,"[535.8181818181818, 376.3636363636363, 983.6363636363635, 489.09090909090907]",1504,2872,Upper Right
train_688.png,"[1481.2727272727273, 785.4545454545454, 1110.9090909090908, 478.18181818181813]",1504,2872,Lower Left
train_688.png,"[512.1818181818181, 785.4545454545454, 998.1818181818181, 450.9090909090909]",1504,2872,Lower Right
train_612.png,"[1432.4905660377358, 405.8301886792452, 718.867924528302, 339.62264150943395]",1316,2942,Upper Left
train_612.png,"[728.7169811320755, 426.58490566037733, 709.4339622641508, 316.9811320754717]",1316,2942,Upper Right
train_612.png,"[1432.4905660377358, 668.0943396226414, 815.0943396226417, 384.9056603773586]",1316,2942,Lower Left
train_612.png,"[670.2264150943396, 677.5283018867924, 798.1132075471697, 398.11320754716985]",1316,2942,Lower Right
train_257.png,"[1361.4117647058822, 298.52941176470586, 847.0588235294119, 473.52941176470586]",1316,2836,Upper Left
train_257.png,"[634.9411764705882, 410.2941176470588, 735.2941176470589, 391.17647058823513]",1316,2836,Upper Right
train_257.png,"[1387.8823529411764, 651.4705882352939, 879.4117647058822, 482.3529411764707]",1316,2836,Lower Left
train_257.png,"[546.7058823529411, 680.8823529411764, 908.8235294117648, 455.8823529411766]",1316,2836,Lower Right
train_562.png,"[812.5, 477.25, 687.5, 343.75]",1316,2953,Upper Right
train_562.png,"[1490.625, 446.0, 700.0, 378.125]",1316,2953,Upper Left
train_562.png,"[1503.125, 642.875, 731.25, 490.625]",1316,2953,Lower Left
train_562.png,"[753.125, 708.5, 768.75, 425.0]",1316,2953,Lower Right
train_631.png,"[693.0350877192982, 316.1052631578947, 738.5964912280701, 459.64912280701753]",1316,2766,Upper Right
train_631.png,"[1380.7543859649122, 340.66666666666663, 738.5964912280701, 436.8421052631578]",1316,2766,Upper Left
train_631.png,"[1426.3684210526314, 686.2807017543859, 812.2807017543857, 447.36842105263156]",1316,2766,Lower Left
train_631.png,"[559.7017543859648, 688.0350877192982, 889.4736842105264, 456.140350877193]",1316,2766,Lower Right
train_624.png,"[726.3571428571428, 230.4285714285714, 671.4285714285714, 460.7142857142857]",1316,2849,Upper Right
train_624.png,"[1379.9285714285713, 267.9285714285714, 746.4285714285713, 419.64285714285705]",1316,2849,Upper Left
train_624.png,"[653.1428571428571, 546.4999999999999, 816.0714285714284, 523.2142857142857]",1316,2849,Lower Right
train_624.png,"[1453.142857142857, 610.7857142857142, 717.8571428571429, 469.6428571428571]",1316,2849,Lower Left
train_677.png,"[1451.8235294117646, 354.4117647058823, 761.7647058823529, 382.3529411764706]",1316,2859,Upper Left
train_677.png,"[707.7058823529411, 354.4117647058823, 755.8823529411765, 391.17647058823525]",1316,2859,Upper Right
train_677.png,"[1434.1764705882351, 633.8235294117646, 858.8235294117649, 473.52941176470586]",1316,2859,Lower Left
train_677.png,"[598.8823529411765, 566.1764705882351, 876.470588235294, 544.1176470588236]",1316,2859,Lower Right
train_470.png,"[1414.3529411764705, 454.4117647058822, 697.0588235294115, 335.2941176470588]",1316,2836,Upper Left
train_470.png,"[679.0588235294117, 448.52941176470586, 738.2352941176471, 335.2941176470588]",1316,2836,Upper Right
train_470.png,"[1396.705882352941, 698.5294117647059, 770.5882352941176, 435.2941176470588]",1316,2836,Lower Left
train_470.png,"[646.7058823529411, 695.5882352941176, 767.6470588235294, 444.1176470588234]",1316,2836,Lower Right
train_314.png,"[606.0588235294117, 285.0588235294117, 758.8235294117646, 423.52941176470586]",1316,2744,Upper Right
train_314.png,"[1332.5294117647059, 276.23529411764696, 741.1764705882351, 429.4117647058823]",1316,2744,Upper Left
train_314.png,"[1347.235294117647, 646.8235294117646, 808.8235294117646, 514.7058823529412]",1316,2744,Lower Left
train_314.png,"[514.8823529411765, 670.3529411764705, 838.235294117647, 488.2352941176471]",1316,2744,Lower Right
train_635.png,"[1542.9090909090908, 510.9090909090909, 847.2727272727273, 401.81818181818187]",1504,2868,Upper Left
train_635.png,"[644.7272727272726, 463.6363636363636, 901.8181818181819, 447.27272727272714]",1504,2868,Upper Right
train_635.png,"[1528.3636363636363, 845.4545454545454, 919.9999999999998, 465.4545454545454]",1504,2868,Lower Left
train_635.png,"[622.9090909090909, 881.8181818181818, 916.3636363636364, 436.36363636363626]",1504,2868,Lower Right
train_600.png,"[1448.3636363636363, 461.81818181818176, 952.7272727272727, 509.090909090909]",1504,2868,Upper Left
train_600.png,"[575.6363636363636, 418.18181818181813, 912.7272727272726, 547.2727272727271]",1504,2868,Upper Right
train_600.png,"[1470.181818181818, 758.1818181818181, 1147.272727272727, 572.7272727272726]",1504,2868,Lower Left
train_600.png,"[481.09090909090907, 829.090909090909, 998.1818181818182, 514.5454545454545]",1504,2868,Lower Right
train_150.png,"[1504.7777777777776, 407.03703703703695, 885.185185185185, 385.1851851851852]",1316,2892,Upper Left
train_150.png,"[591.8148148148148, 377.4074074074074, 916.6666666666665, 422.2222222222222]",1316,2892,Upper Right
train_150.png,"[1449.2222222222222, 749.6296296296296, 940.7407407407404, 403.7037037037037]",1316,2892,Lower Left
train_150.png,"[608.4814814814814, 779.2592592592592, 851.8518518518518, 361.111111111111]",1316,2892,Lower Right
train_161.png,"[1453.2592592592591, 255.18518518518516, 600.0, 494.4444444444444]",1316,2926,Upper Left
train_161.png,"[905.1111111111111, 316.2962962962963, 553.7037037037037, 438.8888888888888]",1316,2926,Upper Right
train_161.png,"[1469.9259259259259, 523.7037037037037, 824.0740740740741, 637.037037037037]",1316,2926,Lower Left
train_161.png,"[725.4814814814814, 605.1851851851851, 751.8518518518518, 590.7407407407408]",1316,2926,Lower Right
train_174.png,"[1513.8181818181818, 243.63636363636363, 1009.0909090909088, 569.090909090909]",1504,2868,Upper Left
train_174.png,"[495.63636363636357, 318.18181818181813, 1023.6363636363637, 489.0909090909091]",1504,2868,Upper Right
train_174.png,"[1513.8181818181818, 727.2727272727273, 1092.7272727272727, 490.90909090909076]",1504,2868,Lower Left
train_174.png,"[417.45454545454544, 774.5454545454545, 1116.3636363636363, 469.090909090909]",1504,2868,Lower Right
train_151.png,"[1366.030303030303, 296.6060606060605, 836.3636363636365, 496.969696969697]",1316,2885,Upper Left
train_151.png,"[650.8787878787879, 299.6363636363636, 715.1515151515151, 509.0909090909091]",1316,2885,Upper Right
train_151.png,"[1393.3030303030303, 578.4242424242423, 912.1212121212122, 542.4242424242425]",1316,2885,Lower Left
train_151.png,"[493.30303030303025, 575.3939393939393, 903.030303030303, 566.6666666666667]",1316,2885,Lower Right
train_692.png,"[1419.7407407407406, 394.074074074074, 844.4444444444446, 392.5925925925926]",1316,2896,Upper Left
train_692.png,"[675.2962962962963, 399.62962962962956, 762.9629629629628, 400.0]",1316,2896,Upper Right
train_692.png,"[1430.8518518518517, 677.4074074074074, 875.9259259259261, 516.6666666666665]",1316,2896,Lower Left
train_692.png,"[523.4444444444445, 662.5925925925925, 909.2592592592592, 535.1851851851851]",1316,2896,Lower Right
train_680.png,"[455.5, 257.75, 515.0, 290.0]",976,1976,Upper Right
train_680.png,"[955.5, 254.0, 478.75, 291.25]",976,1976,Upper Left
train_680.png,"[949.25, 509.0, 490.0, 292.5]",976,1976,Lower Left
train_680.png,"[410.5, 477.75, 553.75, 337.5]",976,1976,Lower Right
train_530.png,"[1407.7777777777776, 366.2962962962963, 790.7407407407406, 431.4814814814813]",1316,2897,Upper Left
train_530.png,"[681.8518518518518, 340.3703703703703, 729.6296296296294, 461.1111111111112]",1316,2897,Upper Right
train_530.png,"[1437.4074074074074, 560.7407407407406, 862.962962962963, 577.7777777777778]",1316,2897,Lower Left
train_530.png,"[605.9259259259259, 605.1851851851851, 840.7407407407406, 646.2962962962962]",1316,2897,Lower Right
train_632.png,"[1398.4117647058822, 330.88235294117635, 873.5294117647061, 394.11764705882365]",1316,2811,Upper Left
train_632.png,"[548.4117647058823, 330.88235294117635, 858.8235294117645, 402.9411764705883]",1316,2811,Upper Right
train_632.png,"[1413.1176470588234, 625.0, 858.8235294117649, 444.1176470588234]",1316,2811,Lower Left
train_632.png,"[551.3529411764705, 654.4117647058822, 885.2941176470588, 411.7647058823529]",1316,2811,Lower Right
train_409.png,"[1446.1020408163265, 200.32653061224494, 730.6122448979593, 422.44897959183675]",1316,2938,Upper Left
train_409.png,"[811.4081632653061, 184.0, 642.8571428571428, 436.7346938775511]",1316,2938,Upper Right
train_409.png,"[1454.265306122449, 451.34693877551024, 806.122448979592, 520.4081632653061]",1316,2938,Lower Left
train_409.png,"[664.469387755102, 384.0, 810.2040816326531, 595.9183673469388]",1316,2938,Lower Right
train_121.png,"[658.1379310344828, 379.65517241379314, 708.6206896551726, 434.48275862068965]",1316,2727,Upper Right
train_121.png,"[1363.3103448275863, 414.1379310344828, 729.3103448275863, 398.2758620689656]",1316,2727,Upper Left
train_121.png,"[1390.8965517241381, 667.5862068965517, 755.1724137931033, 477.58620689655174]",1316,2727,Lower Left
train_121.png,"[589.1724137931035, 667.5862068965517, 831.0344827586207, 479.3103448275864]",1316,2727,Lower Right
train_64.png,"[1481.1666666666667, 349.5, 668.7500000000002, 479.16666666666674]",1316,2989,Upper Left
train_64.png,"[829.0833333333334, 339.08333333333337, 656.2500000000001, 491.66666666666663]",1316,2989,Upper Right
train_64.png,"[1495.75, 555.75, 829.166666666667, 612.5]",1316,2989,Lower Left
train_64.png,"[693.6666666666667, 587.0, 814.5833333333333, 602.0833333333335]",1316,2989,Lower Right
train_507.png,"[1462.3333333333333, 357.03703703703695, 692.5925925925924, 414.8148148148148]",1316,2896,Upper Left
train_507.png,"[747.5185185185185, 377.4074074074074, 725.9259259259259, 425.92592592592587]",1316,2896,Upper Right
train_507.png,"[1432.7037037037037, 610.7407407407406, 853.7037037037037, 525.9259259259259]",1316,2896,Lower Left
train_507.png,"[558.6296296296296, 705.1851851851851, 927.7777777777778, 472.2222222222223]",1316,2896,Lower Right
train_196.png,"[1449.698113207547, 388.84905660377353, 805.6603773584907, 401.88679245283015]",1316,2949,Upper Left
train_196.png,"[776.1132075471697, 262.4339622641509, 711.3207547169812, 460.377358490566]",1316,2949,Upper Right
train_196.png,"[1466.6792452830189, 596.3962264150942, 947.1698113207547, 560.377358490566]",1316,2949,Lower Left
train_196.png,"[662.9056603773585, 607.7169811320754, 816.9811320754717, 556.6037735849058]",1316,2949,Lower Right
train_689.png,"[625.4545454545454, 524.7575757575758, 827.2727272727274, 460.6060606060605]",1504,2872,Upper Right
train_689.png,"[1413.3333333333333, 503.5454545454545, 921.2121212121212, 484.84848484848476]",1504,2872,Upper Left
train_689.png,"[1440.6060606060605, 824.7575757575758, 1006.060606060606, 533.3333333333333]",1504,2872,Lower Left
train_689.png,"[549.6969696969696, 839.9090909090908, 906.0606060606061, 515.1515151515152]",1504,2872,Lower Right
train_369.png,"[1459.7575757575758, 299.6363636363636, 824.2424242424242, 348.4848484848484]",1316,2927,Upper Left
train_369.png,"[653.6969696969696, 302.66666666666663, 812.1212121212121, 369.69696969696963]",1316,2927,Upper Right
train_369.png,"[1447.6363636363635, 526.9090909090908, 903.030303030303, 451.5151515151515]",1316,2927,Lower Left
train_369.png,"[550.6666666666666, 545.090909090909, 915.1515151515151, 445.4545454545455]",1316,2927,Lower Right
train_244.png,"[1394.0, 251.45454545454544, 696.363636363636, 459.99999999999994]",1316,2872,Upper Left
train_244.png,"[778.3783783783784, 255.40540540540542, 628.239268680445, 456.31620631620626]",1316,2872,Upper Right
train_244.png,"[1443.2432432432433, 540.5405405405405, 817.5675675675675, 536.4864864864866]",1316,2872,Lower Left
train_244.png,"[610.0, 560.0, 850.1694915254238, 517.1186440677966]",1316,2872,Lower Right
train_173.png,"[505.5, 222.75, 463.75, 316.25]",976,1976,Upper Right
train_173.png,"[968.0, 212.75, 441.25, 326.25]",976,1976,Upper Left
train_173.png,"[938.0, 447.75, 551.25, 320.0]",976,1976,Lower Left
train_173.png,"[466.75, 456.5, 492.5, 320.0]",976,1976,Lower Right
train_94.png,"[1337.5555555555557, 437.66666666666674, 711.1111111111113, 355.55555555555543]",1316,2677,Upper Left
train_94.png,"[665.3333333333334, 379.33333333333337, 675.0000000000001, 413.8888888888888]",1316,2677,Upper Right
train_94.png,"[1326.4444444444446, 629.3333333333335, 824.9999999999998, 541.6666666666665]",1316,2677,Lower Left
train_94.png,"[543.1111111111111, 634.8888888888889, 805.5555555555557, 536.1111111111111]",1316,2677,Lower Right
train_488.png,"[618.3333333333333, 321.66666666666663, 839.3939393939395, 396.9696969696969]",1316,2881,Upper Right
train_488.png,"[1436.5151515151515, 324.69696969696963, 757.5757575757575, 409.0909090909091]",1316,2881,Upper Left
train_488.png,"[1424.3939393939393, 721.6666666666665, 724.2424242424242, 412.12121212121224]",1316,2881,Lower Left
train_488.png,"[621.3636363636364, 606.5151515151515, 824.2424242424241, 536.3636363636363]",1316,2881,Lower Right
train_401.png,"[829.6037735849056, 204.2264150943396, 671.6981132075471, 541.5094339622641]",1316,2965,Upper Right
train_401.png,"[1497.5283018867924, 179.69811320754712, 643.3962264150944, 564.1509433962265]",1316,2965,Upper Left
train_401.png,"[1503.1886792452829, 549.5094339622641, 749.0566037735848, 573.5849056603773]",1316,2965,Lower Left
train_401.png,"[701.3018867924528, 519.3207547169811, 824.5283018867923, 603.7735849056603]",1316,2965,Lower Right
train_232.png,"[659.1851851851851, 291.66666666666663, 798.1481481481482, 396.2962962962963]",1316,2912,Upper Right
train_232.png,"[1449.9259259259259, 280.55555555555554, 807.4074074074072, 403.7037037037037]",1316,2912,Upper Left
train_232.png,"[1440.6666666666665, 543.5185185185185, 925.9259259259261, 520.3703703703704]",1316,2912,Lower Left
train_232.png,"[707.3333333333333, 591.6666666666666, 761.1111111111111, 488.8888888888888]",1316,2912,Lower Right
train_629.png,"[671.4285714285713, 303.6428571428571, 708.9285714285713, 448.21428571428567]",1316,2808,Upper Right
train_629.png,"[1366.0714285714284, 310.7857142857142, 766.0714285714284, 441.07142857142856]",1316,2808,Upper Left
train_629.png,"[1369.642857142857, 619.7142857142857, 730.3571428571429, 523.2142857142857]",1316,2808,Lower Left
train_629.png,"[655.3571428571428, 619.7142857142857, 716.0714285714286, 528.5714285714286]",1316,2808,Lower Right
train_605.png,"[509.25, 261.5, 451.25, 292.5]",976,1976,Upper Right
train_605.png,"[955.5, 270.25, 395.0, 285.0]",976,1976,Upper Left
train_605.png,"[953.0, 452.75, 438.75, 318.75]",976,1976,Lower Left
train_605.png,"[493.0, 426.5, 463.75, 348.75]",976,1976,Lower Right
train_489.png,"[676.1176470588235, 329.17647058823525, 729.4117647058823, 447.0588235294118]",1316,2790,Upper Right
train_489.png,"[1382.0, 320.3529411764705, 705.8823529411761, 435.2941176470588]",1316,2790,Upper Left
train_489.png,"[1411.4117647058822, 673.2941176470588, 702.9411764705881, 482.3529411764705]",1316,2790,Lower Left
train_489.png,"[584.9411764705882, 629.1764705882351, 864.7058823529411, 529.4117647058824]",1316,2790,Lower Right
train_334.png,"[760.2222222222222, 382.4074074074074, 751.8518518518517, 414.8148148148148]",1316,2940,Upper Right
train_334.png,"[1502.8148148148148, 384.25925925925924, 718.5185185185182, 414.81481481481467]",1316,2940,Upper Left
train_334.png,"[1497.2592592592591, 630.5555555555555, 788.8888888888887, 511.111111111111]",1316,2940,Lower Left
train_334.png,"[686.1481481481482, 673.148148148148, 816.6666666666666, 470.37037037037044]",1316,2940,Lower Right
train_116.png,"[678.9090909090909, 431.4545454545454, 754.5454545454544, 378.18181818181813]",1316,2861,Upper Right
train_116.png,"[1429.8181818181818, 491.4545454545454, 734.5454545454543, 325.4545454545454]",1316,2861,Upper Left
train_116.png,"[604.3636363636363, 724.1818181818181, 800.0, 501.81818181818164]",1316,2861,Lower Right
train_116.png,"[1397.090909090909, 704.1818181818181, 847.272727272727, 521.8181818181816]",1316,2861,Lower Left
train_639.png,"[414.25, 264.0, 551.25, 293.75]",976,1976,Upper Right
train_639.png,"[964.25, 264.0, 497.5, 296.25]",976,1976,Upper Left
train_639.png,"[958.0, 476.5, 565.0, 330.0]",976,1976,Lower Left
train_639.png,"[358.0, 461.5, 602.5, 352.5]",976,1976,Lower Right
train_582.png,"[725.8421052631578, 417.8596491228069, 698.2456140350877, 452.63157894736844]",1316,2786,Upper Right
train_582.png,"[1406.5438596491226, 398.56140350877183, 707.0175438596489, 454.38596491228066]",1316,2786,Upper Left
train_582.png,"[1438.1228070175437, 707.3333333333333, 799.9999999999998, 505.26315789473665]",1316,2786,Lower Left
train_582.png,"[715.3157894736842, 768.736842105263, 735.0877192982455, 447.36842105263156]",1316,2786,Lower Right
train_259.png,"[1451.7272727272727, 336.0, 869.6969696969697, 333.33333333333326]",1316,2918,Upper Left
train_259.png,"[615.3636363636364, 345.090909090909, 842.4242424242424, 351.5151515151515]",1316,2918,Upper Right
train_259.png,"[1442.6363636363635, 623.8787878787878, 924.2424242424245, 409.09090909090924]",1316,2918,Lower Left
train_259.png,"[579.0, 648.121212121212, 924.2424242424242, 387.878787878788]",1316,2918,Lower Right
train_205.png,"[764.9999999999999, 389.3571428571428, 642.8571428571428, 389.2857142857142]",1316,2838,Upper Right
train_205.png,"[1391.7857142857142, 364.3571428571428, 698.2142857142858, 417.8571428571429]",1316,2838,Upper Left
train_205.png,"[1416.7857142857142, 653.6428571428571, 778.5714285714284, 507.1428571428571]",1316,2838,Lower Left
train_205.png,"[693.5714285714286, 666.1428571428571, 733.9285714285712, 500.0]",1316,2838,Lower Right
train_442.png,"[1534.734693877551, 408.48979591836735, 585.7142857142856, 416.32653061224494]",1316,2968,Upper Left
train_442.png,"[898.0, 418.6938775510205, 665.3061224489795, 410.204081632653]",1316,2968,Upper Right
train_442.png,"[1512.2857142857142, 559.5102040816327, 822.4489795918366, 585.7142857142857]",1316,2968,Lower Left
train_442.png,"[700.0408163265306, 606.4489795918367, 828.5714285714287, 540.8163265306122]",1316,2968,Lower Right
train_122.png,"[1505.5471698113206, 443.566037735849, 705.6603773584907, 358.4905660377358]",1316,2990,Upper Left
train_122.png,"[769.6981132075472, 373.754716981132, 758.4905660377357, 413.2075471698114]",1316,2990,Upper Right
train_122.png,"[1501.7735849056603, 637.9056603773585, 871.6981132075471, 475.4716981132075]",1316,2990,Lower Left
train_122.png,"[703.6603773584906, 656.7735849056603, 813.2075471698112, 509.433962264151]",1316,2990,Lower Right
train_478.png,"[1443.1509433962262, 188.8490566037736, 722.6415094339625, 516.9811320754716]",1316,2952,Upper Left
train_478.png,"[760.132075471698, 203.94339622641508, 700.0, 505.66037735849056]",1316,2952,Upper Right
train_478.png,"[1467.6792452830189, 503.9433962264151, 843.3962264150944, 596.2264150943396]",1316,2952,Lower Left
train_478.png,"[624.2830188679245, 556.7735849056603, 884.9056603773583, 573.5849056603774]",1316,2952,Lower Right
train_59.png,"[829.5151515151515, 439.9090909090909, 657.5757575757575, 445.4545454545454]",1504,2868,Upper Right
train_59.png,"[1453.7575757575758, 433.84848484848476, 684.8484848484848, 445.4545454545455]",1504,2868,Upper Left
train_59.png,"[1490.121212121212, 721.7272727272727, 754.5454545454545, 524.2424242424242]",1504,2868,Lower Left
train_59.png,"[738.6060606060606, 715.6666666666665, 784.8484848484846, 542.4242424242425]",1504,2868,Lower Right
train_83.png,"[1388.7142857142856, 368.142857142857, 745.7142857142856, 394.28571428571433]",1316,2757,Upper Left
train_83.png,"[645.8571428571428, 362.42857142857133, 745.7142857142857, 408.57142857142844]",1316,2757,Upper Right
train_83.png,"[1380.142857142857, 610.9999999999998, 862.8571428571429, 500.0]",1316,2757,Lower Left
train_83.png,"[480.1428571428571, 596.7142857142856, 905.7142857142856, 528.5714285714287]",1316,2757,Lower Right
train_349.png,"[1459.9090909090908, 329.9393939393939, 727.2727272727273, 387.8787878787879]",1316,2897,Upper Left
train_349.png,"[675.060606060606, 351.1515151515151, 793.939393939394, 381.81818181818187]",1316,2897,Upper Right
train_349.png,"[1420.5151515151515, 590.5454545454545, 769.6969696969695, 478.78787878787875]",1316,2897,Lower Left
train_349.png,"[623.5454545454545, 617.8181818181818, 806.060606060606, 475.75757575757575]",1316,2897,Lower Right
train_626.png,"[1451.3703703703702, 290.3703703703703, 783.3333333333333, 424.074074074074]",1316,2900,Upper Left
train_626.png,"[625.4444444444445, 258.88888888888886, 861.111111111111, 444.4444444444444]",1316,2900,Upper Right
train_626.png,"[1429.148148148148, 529.2592592592592, 990.7407407407406, 557.4074074074073]",1316,2900,Lower Left
train_626.png,"[571.7407407407406, 460.74074074074065, 857.4074074074074, 659.2592592592594]",1316,2900,Lower Right
train_74.png,"[1490.0, 300.25, 743.75, 418.75]",1316,2982,Upper Left
train_74.png,"[818.125, 337.75, 678.125, 390.625]",1316,2982,Upper Right
train_74.png,"[1483.75, 556.5, 881.25, 521.875]",1316,2982,Lower Left
train_74.png,"[683.75, 572.125, 837.5, 518.75]",1316,2982,Lower Right
train_566.png,"[1428.8888888888887, 368.14814814814815, 774.0740740740739, 409.25925925925924]",1316,2918,Upper Left
train_566.png,"[638.1481481481482, 334.8148148148148, 829.6296296296294, 453.7037037037037]",1316,2918,Upper Right
train_566.png,"[1447.4074074074074, 612.5925925925925, 888.8888888888887, 514.8148148148149]",1316,2918,Lower Left
train_566.png,"[564.074074074074, 616.2962962962962, 905.5555555555555, 575.925925925926]",1316,2918,Lower Right
train_660.png,"[1388.642857142857, 211.71428571428567, 798.2142857142856, 514.2857142857142]",1316,2821,Upper Left
train_660.png,"[611.8571428571428, 131.35714285714283, 807.142857142857, 592.8571428571429]",1316,2821,Upper Right
train_660.png,"[1402.9285714285713, 413.4999999999999, 1010.7142857142856, 692.8571428571428]",1316,2821,Lower Left
train_660.png,"[495.7857142857142, 488.4999999999999, 923.2142857142856, 630.3571428571428]",1316,2821,Lower Right
train_526.png,"[1438.25, 356.5, 700.0, 375.0]",1316,2966,Upper Left
train_526.png,"[828.875, 362.75, 628.125, 368.75]",1316,2966,Upper Right
train_526.png,"[1460.125, 515.875, 796.875, 575.0]",1316,2966,Lower Left
train_526.png,"[719.5, 556.5, 800.0, 546.875]",1316,2966,Lower Right
train_614.png,"[475.5, 231.5, 498.75, 318.75]",976,1976,Upper Right
train_614.png,"[949.25, 201.5, 473.75, 347.5]",976,1976,Upper Left
train_614.png,"[989.25, 375.25, 537.5, 396.25]",976,1976,Lower Left
train_614.png,"[420.5, 420.25, 591.25, 365.0]",976,1976,Lower Right
train_590.png,"[1456.6363636363635, 323.8787878787879, 790.909090909091, 369.69696969696963]",1316,2921,Upper Left
train_590.png,"[702.090909090909, 302.66666666666663, 766.6666666666667, 396.9696969696969]",1316,2921,Upper Right
train_590.png,"[1435.4242424242423, 578.4242424242423, 851.5151515151517, 493.939393939394]",1316,2921,Lower Left
train_590.png,"[553.6060606060606, 551.151515151515, 921.2121212121211, 527.2727272727273]",1316,2921,Lower Right
train_67.png,"[637.9411764705882, 332.1176470588234, 761.7647058823528, 429.41176470588243]",1316,2795,Upper Right
train_67.png,"[1387.941176470588, 364.47058823529403, 785.2941176470588, 405.88235294117646]",1316,2795,Upper Left
train_67.png,"[1429.1176470588234, 661.5294117647059, 805.8823529411766, 450.0]",1316,2795,Lower Left
train_67.png,"[629.1176470588235, 635.0588235294117, 811.7647058823528, 488.2352941176471]",1316,2795,Lower Right
train_321.png,"[1432.0, 297.125, 765.625, 378.125]",1316,2966,Upper Left
train_321.png,"[747.625, 315.875, 693.75, 365.625]",1316,2966,Upper Right
train_321.png,"[650.75, 562.75, 840.625, 521.875]",1316,2966,Lower Right
train_321.png,"[1475.75, 569.0, 803.125, 521.875]",1316,2966,Lower Left
train_346.png,"[1470.0, 405.0, 602.0, 346.0]",1316,2942,Upper Left
train_346.png,"[858.0, 451.0, 614.0, 294.0]",1316,2942,Upper Right
train_346.png,"[1454.0, 611.0, 692.0, 396.0]",1316,2942,Lower Left
train_346.png,"[766.0, 617.0, 694.0, 398.0]",1316,2942,Lower Right
train_469.png,"[1355.5294117647059, 310.2941176470588, 885.2941176470586, 364.7058823529412]",1316,2836,Upper Left
train_469.png,"[617.2941176470588, 351.47058823529403, 764.7058823529412, 323.52941176470597]",1316,2836,Upper Right
train_469.png,"[1370.235294117647, 533.8235294117646, 926.4705882352939, 505.88235294117635]",1316,2836,Lower Left
train_469.png,"[520.2352941176471, 572.0588235294117, 891.1764705882351, 479.4117647058822]",1316,2836,Lower Right
train_320.png,"[712.090909090909, 387.4545454545454, 750.9090909090908, 354.5454545454545]",1316,2875,Upper Right
train_320.png,"[1446.6363636363635, 396.5454545454545, 690.909090909091, 360.0]",1316,2875,Upper Left
train_320.png,"[1421.181818181818, 598.3636363636363, 810.909090909091, 496.36363636363626]",1316,2875,Lower Left
train_320.png,"[715.7272727272726, 694.7272727272726, 718.1818181818181, 410.9090909090909]",1316,2875,Lower Right
train_396.png,"[1486.875, 362.75, 631.25, 431.25]",1316,2982,Upper Left
train_396.png,"[890.0, 362.75, 612.5, 431.25]",1316,2982,Upper Right
train_396.png,"[1486.875, 628.375, 715.625, 437.5]",1316,2982,Lower Left
train_396.png,"[780.625, 612.75, 721.875, 481.25]",1316,2982,Lower Right
train_20.png,"[1482.7586206896553, 328.3103448275862, 698.2758620689656, 481.03448275862075]",1316,2965,Upper Left
train_20.png,"[770.6896551724138, 278.3103448275862, 731.0344827586208, 524.1379310344828]",1316,2965,Upper Right
train_20.png,"[1489.6551724137933, 638.6551724137931, 822.4137931034481, 544.8275862068966]",1316,2965,Lower Left
train_20.png,"[634.4827586206897, 583.4827586206897, 856.896551724138, 658.6206896551724]",1316,2965,Lower Right
train_597.png,"[609.6363636363636, 389.27272727272725, 801.8181818181816, 378.181818181818]",1316,2882,Upper Right
train_597.png,"[1411.4545454545453, 378.36363636363626, 827.2727272727273, 392.72727272727275]",1316,2882,Upper Left
train_597.png,"[1418.7272727272725, 683.8181818181818, 907.2727272727275, 434.5454545454545]",1316,2882,Lower Left
train_597.png,"[547.8181818181818, 661.9999999999999, 872.7272727272727, 463.6363636363636]",1316,2882,Lower Right
train_535.png,"[1370.4285714285713, 305.2857142857142, 794.285714285714, 425.71428571428555]",1316,2748,Upper Left
train_535.png,"[616.1428571428571, 336.71428571428567, 760.0, 411.42857142857144]",1316,2748,Upper Right
train_535.png,"[1384.7142857142856, 479.57142857142844, 839.9999999999998, 577.1428571428571]",1316,2748,Lower Left
train_535.png,"[501.8571428571428, 556.7142857142856, 891.4285714285714, 508.57142857142867]",1316,2748,Lower Right
train_215.png,"[979.7551020408164, 267.38775510204084, 436.7346938775511, 283.67346938775506]",976,1976,Upper Left
train_215.png,"[489.9591836734694, 275.55102040816325, 504.0816326530612, 279.59183673469386]",976,1976,Upper Right
train_215.png,"[979.7551020408164, 436.7755102040817, 467.3469387755101, 346.9387755102041]",976,1976,Lower Left
train_215.png,"[463.42857142857144, 432.6938775510205, 526.530612244898, 363.2653061224489]",976,1976,Lower Right
train_148.png,"[1429.1176470588234, 324.9999999999999, 797.0588235294117, 441.17647058823525]",1316,2842,Upper Left
train_148.png,"[658.5294117647059, 357.3529411764705, 791.1764705882351, 417.6470588235295]",1316,2842,Upper Right
train_148.png,"[1405.5882352941176, 589.705882352941, 855.8823529411766, 464.7058823529412]",1316,2842,Lower Left
train_148.png,"[529.1176470588235, 519.1176470588234, 914.7058823529411, 538.2352941176471]",1316,2842,Lower Right
train_403.png,"[1392.5454545454545, 315.090909090909, 849.090909090909, 387.27272727272725]",1316,2880,Upper Left
train_403.png,"[717.9999999999999, 336.9090909090909, 687.2727272727274, 372.72727272727263]",1316,2880,Upper Right
train_403.png,"[1434.3636363636363, 545.9999999999999, 954.5454545454543, 543.6363636363636]",1316,2880,Lower Left
train_403.png,"[570.7272727272726, 602.3636363636363, 890.9090909090909, 507.27272727272725]",1316,2880,Lower Right
train_382.png,"[667.8571428571428, 361.8571428571428, 705.7142857142857, 382.8571428571428]",1316,2714,Upper Right
train_382.png,"[1376.4285714285713, 364.71428571428567, 694.285714285714, 368.57142857142856]",1316,2714,Upper Left
train_382.png,"[1344.9999999999998, 676.1428571428571, 740.0000000000002, 394.2857142857142]",1316,2714,Lower Left
train_382.png,"[642.1428571428571, 704.7142857142856, 717.1428571428571, 345.7142857142858]",1316,2714,Lower Right
train_50.png,"[1421.2424242424242, 366.30303030303025, 878.7878787878788, 339.3939393939395]",1316,2954,Upper Left
train_50.png,"[739.4242424242424, 357.21212121212113, 696.9696969696969, 351.5151515151516]",1316,2954,Upper Right
train_50.png,"[1448.5151515151515, 639.030303030303, 818.181818181818, 439.39393939393926]",1316,2954,Lower Left
train_50.png,"[621.2424242424242, 626.9090909090908, 839.3939393939393, 469.69696969696975]",1316,2954,Lower Right
train_245.png,"[1434.6060606060605, 326.9090909090909, 842.4242424242425, 390.9090909090909]",1316,2883,Upper Left
train_245.png,"[646.7272727272727, 326.9090909090909, 806.060606060606, 396.9696969696969]",1316,2883,Upper Right
train_245.png,"[1464.9090909090908, 702.6666666666665, 800.0000000000002, 396.969696969697]",1316,2883,Lower Left
train_245.png,"[613.3939393939394, 651.151515151515, 869.6969696969696, 418.18181818181824]",1316,2883,Lower Right
train_337.png,"[1473.8181818181818, 416.3636363636364, 770.9090909090908, 530.9090909090909]",1504,2868,Upper Left
train_337.png,"[608.3636363636363, 365.45454545454544, 869.090909090909, 579.9999999999998]",1504,2868,Upper Right
train_337.png,"[1473.8181818181818, 712.7272727272726, 1018.1818181818182, 598.1818181818181]",1504,2868,Lower Left
train_337.png,"[532.0, 745.4545454545454, 949.090909090909, 614.5454545454544]",1504,2868,Lower Right
train_406.png,"[957.0, 179.0, 508.75, 366.25]",976,1976,Upper Left
train_406.png,"[433.25, 151.5, 532.5, 416.25]",976,1976,Upper Right
train_406.png,"[965.75, 382.75, 545.0, 367.5]",976,1976,Lower Left
train_406.png,"[340.75, 355.25, 665.0, 392.5]",976,1976,Lower Right
train_24.png,"[644.6491228070174, 312.59649122807014, 756.140350877193, 457.8947368421052]",1316,2777,Upper Right
train_24.png,"[1399.0350877192982, 316.1052631578947, 759.6491228070172, 515.7894736842105]",1316,2777,Upper Left
train_24.png,"[1330.6140350877192, 756.456140350877, 761.4035087719296, 387.71929824561414]",1316,2777,Lower Left
train_24.png,"[670.9649122807017, 735.4035087719298, 731.5789473684209, 405.26315789473676]",1316,2777,Lower Right
train_552.png,"[792.2075471698113, 426.58490566037733, 671.6981132075471, 394.33962264150944]",1316,2952,Upper Right
train_552.png,"[1458.245283018868, 364.3207547169811, 690.5660377358488, 454.7169811320755]",1316,2952,Upper Left
train_552.png,"[1460.132075471698, 613.3773584905659, 869.8113207547171, 515.0943396226414]",1316,2952,Lower Left
train_552.png,"[775.2264150943396, 675.6415094339623, 735.8490566037736, 481.13207547169804]",1316,2952,Lower Right
train_387.png,"[597.1428571428571, 296.1428571428571, 754.2857142857142, 460.0]",1316,2664,Upper Right
train_387.png,"[1348.5714285714284, 307.57142857142856, 671.4285714285716, 442.8571428571428]",1316,2664,Upper Left
train_387.png,"[1322.8571428571427, 636.142857142857, 848.5714285714284, 517.1428571428572]",1316,2664,Lower Left
train_387.png,"[511.42857142857133, 613.2857142857142, 831.4285714285713, 540.0]",1316,2664,Lower Right
train_206.png,"[646.6428571428571, 267.9285714285714, 767.8571428571427, 433.9285714285714]",1316,2812,Upper Right
train_206.png,"[1414.4999999999998, 266.1428571428571, 760.7142857142856, 430.3571428571428]",1316,2812,Upper Left
train_206.png,"[1393.0714285714284, 607.2142857142857, 814.2857142857142, 499.9999999999999]",1316,2812,Lower Left
train_206.png,"[514.5, 651.8571428571428, 907.1428571428571, 458.92857142857144]",1316,2812,Lower Right
train_73.png,"[501.1724137931035, 326.2068965517242, 839.6551724137933, 432.75862068965523]",1316,2751,Upper Right
train_73.png,"[1335.6551724137933, 324.48275862068965, 798.2758620689654, 444.8275862068966]",1316,2751,Upper Left
train_73.png,"[1356.344827586207, 740.0000000000001, 872.4137931034484, 406.896551724138]",1316,2751,Lower Left
train_73.png,"[496.00000000000006, 691.7241379310345, 867.2413793103449, 458.62068965517244]",1316,2751,Lower Right
train_1.png,"[1419.3529411764705, 348.52941176470586, 741.1764705882354, 402.94117647058806]",1316,2847,Upper Left
train_1.png,"[604.6470588235294, 363.23529411764696, 817.6470588235294, 388.23529411764696]",1316,2847,Upper Right
train_1.png,"[1419.3529411764705, 580.8823529411764, 870.5882352941178, 529.4117647058824]",1316,2847,Lower Left
train_1.png,"[501.7058823529411, 566.1764705882351, 923.5294117647057, 544.1176470588236]",1316,2847,Lower Right
train_100.png,"[1447.764705882353, 436.7647058823529, 802.9411764705881, 385.2941176470588]",1316,2844,Upper Left
train_100.png,"[574.2352941176471, 436.7647058823529, 876.4705882352939, 402.94117647058806]",1316,2844,Upper Right
train_100.png,"[1453.6470588235293, 736.7647058823529, 814.705882352941, 423.52941176470586]",1316,2844,Lower Left
train_100.png,"[609.5294117647059, 763.2352941176471, 858.8235294117646, 402.94117647058806]",1316,2844,Lower Right
train_106.png,"[1434.6060606060605, 313.090909090909, 666.6666666666665, 442.4242424242425]",1316,2907,Upper Left
train_106.png,"[807.3333333333333, 319.1515151515151, 636.3636363636363, 436.3636363636364]",1316,2907,Upper Right
train_106.png,"[1477.030303030303, 594.9090909090908, 751.5151515151515, 481.818181818182]",1316,2907,Lower Left
train_106.png,"[713.3939393939394, 600.969696969697, 766.6666666666666, 481.81818181818176]",1316,2907,Lower Right
train_594.png,"[974.782608695652, 273.9130434782608, 525.2173913043478, 275.65217391304344]",976,1976,Upper Left
train_594.png,"[487.8260869565217, 253.04347826086953, 505.2173913043478, 299.13043478260875]",976,1976,Upper Right
train_594.png,"[976.5217391304346, 469.5652173913043, 573.9130434782609, 320.8695652173912]",976,1976,Lower Left
train_594.png,"[393.0434782608695, 462.6086956521739, 592.1739130434783, 330.4347826086956]",976,1976,Lower Right
train_459.png,"[878.4545454545454, 364.18181818181813, 578.1818181818181, 350.9090909090909]",1316,2870,Upper Right
train_459.png,"[1436.6363636363635, 289.63636363636357, 783.6363636363635, 425.45454545454544]",1316,2870,Upper Left
train_459.png,"[593.0, 502.36363636363626, 856.3636363636363, 594.5454545454545]",1316,2870,Lower Right
train_459.png,"[1423.9090909090908, 540.5454545454545, 1007.2727272727273, 556.3636363636363]",1316,2870,Lower Left
train_377.png,"[1515.8181818181818, 503.6363636363636, 832.7272727272727, 454.5454545454544]",1504,2872,Upper Left
train_377.png,"[672.1818181818181, 350.9090909090909, 867.2727272727271, 592.7272727272726]",1504,2872,Upper Right
train_377.png,"[1479.4545454545453, 807.2727272727273, 947.2727272727273, 545.4545454545453]",1504,2872,Lower Left
train_377.png,"[563.090909090909, 792.7272727272726, 936.3636363636363, 539.9999999999999]",1504,2872,Lower Right
train_164.png,"[1481.0408163265306, 314.61224489795916, 620.408163265306, 432.65306122448976]",1316,2930,Upper Left
train_164.png,"[854.5102040816327, 351.34693877551024, 646.9387755102042, 395.9183673469387]",1316,2930,Upper Right
train_164.png,"[1511.6530612244899, 494.20408163265313, 687.7551020408162, 610.2040816326531]",1316,2930,Lower Left
train_164.png,"[750.4285714285714, 526.8571428571429, 765.3061224489796, 581.6326530612246]",1316,2930,Lower Right
train_142.png,"[626.5454545454545, 467.27272727272725, 865.4545454545453, 347.27272727272725]",1504,2868,Upper Right
train_142.png,"[1493.8181818181818, 467.27272727272725, 949.0909090909088, 345.4545454545454]",1504,2868,Upper Left
train_142.png,"[546.5454545454545, 703.6363636363636, 976.3636363636363, 399.9999999999999]",1504,2868,Lower Right
train_142.png,"[1513.8181818181818, 767.2727272727273, 878.1818181818182, 369.090909090909]",1504,2868,Lower Left
train_2.png,"[1489.0, 408.48979591836735, 834.6938775510203, 334.69387755102036]",1316,2950,Upper Left
train_2.png,"[733.8979591836735, 384.0, 771.4285714285713, 340.8163265306123]",1316,2950,Upper Right
train_2.png,"[1491.0408163265306, 635.0204081632653, 900.0, 442.8571428571429]",1316,2950,Lower Left
train_2.png,"[599.2040816326531, 584.0, 891.8367346938775, 502.0408163265306]",1316,2950,Lower Right
train_439.png,"[1502.9090909090908, 345.45454545454544, 1069.0909090909092, 476.3636363636363]",1504,2868,Upper Left
train_439.png,"[421.09090909090907, 267.27272727272725, 1105.4545454545455, 545.4545454545454]",1504,2868,Upper Right
train_439.png,"[1562.9090909090908, 710.9090909090909, 1027.2727272727273, 505.4545454545454]",1504,2868,Lower Left
train_439.png,"[526.5454545454545, 663.6363636363636, 1041.8181818181818, 629.0909090909089]",1504,2868,Lower Right
train_638.png,"[566.4736842105262, 344.1754385964912, 805.2631578947367, 417.54385964912274]",1316,2762,Upper Right
train_638.png,"[1361.2105263157894, 358.21052631578937, 729.8245614035088, 400.0]",1316,2762,Upper Left
train_638.png,"[1361.2105263157894, 651.1929824561403, 863.1578947368419, 429.8245614035086]",1316,2762,Lower Left
train_638.png,"[519.1052631578947, 633.6491228070174, 849.1228070175438, 447.36842105263145]",1316,2762,Lower Right
train_306.png,"[575.2105263157894, 323.0175438596491, 857.8947368421052, 415.7894736842104]",1316,2766,Upper Right
train_306.png,"[1405.0350877192982, 421.26315789473676, 659.6491228070172, 301.7543859649122]",1316,2766,Upper Left
train_306.png,"[648.8947368421052, 714.2456140350877, 745.6140350877192, 343.8596491228069]",1316,2766,Lower Right
train_306.png,"[1375.2105263157894, 712.4912280701753, 677.19298245614, 301.7543859649122]",1316,2766,Lower Left
train_6.png,"[804.2727272727273, 389.27272727272725, 640.0, 381.81818181818176]",1316,2864,Upper Right
train_6.png,"[1438.8181818181818, 409.27272727272725, 647.2727272727273, 365.4545454545455]",1316,2864,Upper Left
train_6.png,"[1451.5454545454545, 716.5454545454545, 709.090909090909, 438.181818181818]",1316,2864,Lower Left
train_6.png,"[760.6363636363636, 643.8181818181818, 696.3636363636361, 520.0]",1316,2864,Lower Right
train_146.png,"[749.9259259259259, 291.66666666666663, 716.6666666666665, 425.92592592592587]",1316,2912,Upper Right
train_146.png,"[1464.7407407407406, 323.14814814814815, 738.8888888888889, 394.44444444444434]",1316,2912,Upper Left
train_146.png,"[1462.8888888888887, 580.5555555555555, 772.2222222222222, 501.85185185185185]",1316,2912,Lower Left
train_146.png,"[731.4074074074074, 582.4074074074074, 738.8888888888889, 500.0]",1316,2912,Lower Right
train_237.png,"[650.6428571428571, 323.2857142857142, 728.5714285714284, 451.7857142857142]",1316,2820,Upper Right
train_237.png,"[1380.9999999999998, 316.1428571428571, 776.7857142857144, 458.92857142857133]",1316,2820,Upper Left
train_237.png,"[1398.8571428571427, 616.1428571428571, 821.4285714285716, 501.7857142857142]",1316,2820,Lower Left
train_237.png,"[609.5714285714286, 610.7857142857142, 805.3571428571428, 516.0714285714284]",1316,2820,Lower Right
train_652.png,"[1430.2941176470588, 286.7647058823529, 749.9999999999998, 458.82352941176464]",1316,2862,Upper Left
train_652.png,"[733.235294117647, 322.0588235294117, 697.0588235294118, 423.52941176470586]",1316,2862,Upper Right
train_652.png,"[1412.6470588235293, 498.52941176470586, 864.705882352941, 588.2352941176471]",1316,2862,Lower Left
train_652.png,"[609.7058823529411, 548.5294117647059, 814.7058823529411, 555.8823529411764]",1316,2862,Lower Right
train_461.png,"[649.6969696969696, 458.090909090909, 809.0909090909091, 457.5757575757575]",1504,2872,Upper Right
train_461.png,"[1449.6969696969695, 485.3636363636364, 896.969696969697, 430.30303030303014]",1504,2872,Upper Left
train_461.png,"[1483.030303030303, 782.3333333333333, 951.5151515151515, 493.939393939394]",1504,2872,Lower Left
train_461.png,"[658.7878787878788, 833.8484848484848, 845.4545454545455, 475.75757575757575]",1504,2872,Lower Right
train_473.png,"[1447.7575757575758, 363.27272727272725, 775.7575757575758, 384.84848484848476]",1316,2903,Upper Left
train_473.png,"[699.2727272727273, 381.4545454545455, 751.5151515151515, 390.90909090909076]",1316,2903,Upper Right
train_473.png,"[1453.8181818181818, 639.030303030303, 833.3333333333333, 481.81818181818176]",1316,2903,Lower Left
train_473.png,"[641.6969696969696, 708.7272727272727, 863.6363636363636, 427.27272727272725]",1316,2903,Lower Right
train_381.png,"[790.6603773584906, 192.90566037735846, 743.3962264150942, 507.5471698113207]",1316,2989,Upper Right
train_381.png,"[1524.6226415094338, 223.09433962264143, 679.2452830188681, 477.35849056603774]",1316,2989,Upper Left
train_381.png,"[1532.1698113207547, 453.2830188679245, 709.4339622641508, 628.3018867924527]",1316,2989,Lower Left
train_381.png,"[768.0188679245283, 538.188679245283, 786.7924528301886, 552.8301886792452]",1316,2989,Lower Right
train_361.png,"[1457.6363636363635, 458.18181818181813, 1027.272727272727, 423.6363636363636]",1504,2872,Upper Left
train_361.png,"[648.5454545454545, 401.81818181818176, 840.0, 480.0]",1504,2872,Upper Right
train_361.png,"[1497.6363636363635, 825.4545454545454, 907.272727272727, 485.4545454545454]",1504,2872,Lower Left
train_361.png,"[548.5454545454545, 816.3636363636363, 1000.0, 550.909090909091]",1504,2872,Lower Right
train_651.png,"[1464.969696969697, 257.21212121212113, 703.030303030303, 463.6363636363636]",1316,2896,Upper Left
train_651.png,"[716.4848484848485, 293.5757575757575, 754.5454545454545, 436.36363636363626]",1316,2896,Upper Right
train_651.png,"[1474.060606060606, 514.7878787878788, 815.151515151515, 584.8484848484848]",1316,2896,Lower Left
train_651.png,"[655.8787878787879, 523.8787878787878, 827.2727272727271, 596.969696969697]",1316,2896,Lower Right
train_691.png,"[630.0877192982456, 224.8771929824561, 740.3508771929822, 419.29824561403507]",1316,2798,Upper Right
train_691.png,"[1359.9122807017543, 265.2280701754385, 736.8421052631579, 380.7017543859649]",1316,2798,Upper Left
train_691.png,"[1384.4736842105262, 502.0701754385964, 873.6842105263158, 570.1754385964912]",1316,2798,Lower Left
train_691.png,"[514.2982456140351, 500.31578947368416, 875.4385964912278, 585.9649122807016]",1316,2798,Lower Right
train_351.png,"[715.9285714285713, 378.6428571428571, 719.6428571428571, 407.1428571428571]",1316,2822,Upper Right
train_351.png,"[1419.4999999999998, 362.57142857142856, 771.4285714285713, 421.42857142857144]",1316,2822,Upper Left
train_351.png,"[1419.4999999999998, 671.4999999999999, 825.0000000000002, 467.8571428571428]",1316,2822,Lower Left
train_351.png,"[642.7142857142857, 682.2142857142857, 789.2857142857141, 466.07142857142856]",1316,2822,Lower Right
train_76.png,"[1368.142857142857, 428.142857142857, 734.285714285714, 345.71428571428567]",1316,2750,Upper Left
train_76.png,"[739.5714285714286, 462.42857142857133, 648.5714285714286, 308.57142857142844]",1316,2750,Upper Right
train_76.png,"[1362.4285714285713, 659.5714285714284, 771.4285714285713, 462.8571428571429]",1316,2750,Lower Left
train_76.png,"[616.7142857142857, 693.8571428571427, 759.9999999999999, 437.1428571428571]",1316,2750,Lower Right
train_236.png,"[1367.4385964912278, 226.52631578947364, 885.9649122807016, 385.9649122807017]",1316,2767,Upper Left
train_236.png,"[488.4912280701754, 207.22807017543857, 894.7368421052631, 407.0175438596491]",1316,2767,Upper Right
train_236.png,"[1377.9649122807016, 554.5964912280701, 857.8947368421052, 485.9649122807016]",1316,2767,Lower Left
train_236.png,"[483.2280701754385, 594.9473684210526, 924.561403508772, 403.50877192982455]",1316,2767,Lower Right
train_69.png,"[1455.090909090909, 307.81818181818176, 763.6363636363635, 434.5454545454545]",1316,2856,Upper Left
train_69.png,"[640.5454545454545, 269.63636363636357, 816.3636363636363, 476.3636363636363]",1316,2856,Upper Right
train_69.png,"[1449.6363636363635, 589.6363636363636, 876.3636363636365, 478.18181818181813]",1316,2856,Lower Left
train_69.png,"[631.4545454545454, 575.090909090909, 823.6363636363636, 583.6363636363635]",1316,2856,Lower Right
train_532.png,"[690.1428571428571, 407.57142857142844, 682.8571428571427, 380.0]",1316,2731,Upper Right
train_532.png,"[1361.5714285714284, 407.57142857142844, 705.7142857142858, 362.8571428571429]",1316,2731,Upper Left
train_532.png,"[1364.4285714285713, 687.5714285714284, 848.5714285714287, 497.1428571428571]",1316,2731,Lower Left
train_532.png,"[573.0, 741.8571428571427, 797.1428571428571, 448.57142857142867]",1316,2731,Lower Right
train_226.png,"[818.5714285714284, 328.6428571428571, 603.5714285714287, 442.8571428571428]",1316,2838,Upper Right
train_226.png,"[1404.2857142857142, 323.2857142857142, 700.0, 448.21428571428567]",1316,2838,Upper Left
train_226.png,"[1425.7142857142856, 639.3571428571428, 814.2857142857144, 492.8571428571428]",1316,2838,Lower Left
train_226.png,"[738.2142857142857, 657.2142857142857, 762.4999999999999, 489.2857142857141]",1316,2838,Lower Right
train_379.png,"[1458.6666666666665, 292.2222222222222, 711.1111111111113, 377.7777777777777]",1316,2922,Upper Left
train_379.png,"[821.6296296296296, 292.2222222222222, 661.1111111111111, 383.33333333333337]",1316,2922,Upper Right
train_379.png,"[1454.9629629629628, 531.1111111111111, 833.3333333333333, 492.5925925925926]",1316,2922,Lower Left
train_379.png,"[632.7407407407406, 466.2962962962963, 827.7777777777778, 546.2962962962963]",1316,2922,Lower Right
train_486.png,"[1411.6470588235293, 413.2352941176471, 782.3529411764707, 399.9999999999998]",1316,2860,Upper Left
train_486.png,"[685.1764705882352, 413.2352941176471, 741.1764705882352, 405.88235294117635]",1316,2860,Upper Right
train_486.png,"[1429.2941176470588, 672.0588235294117, 779.4117647058822, 461.7647058823529]",1316,2860,Lower Left
train_486.png,"[617.5294117647059, 604.4117647058822, 835.2941176470588, 550.0]",1316,2860,Lower Right
train_132.png,"[1374.4385964912278, 270.38596491228066, 768.421052631579, 468.42105263157885]",1316,2781,Upper Left
train_132.png,"[606.0175438596491, 258.1052631578947, 789.4736842105262, 478.9473684210526]",1316,2781,Upper Right
train_132.png,"[1377.9473684210525, 579.157894736842, 859.6491228070176, 470.1754385964913]",1316,2781,Lower Left
train_132.png,"[537.5964912280701, 619.5087719298244, 845.6140350877192, 487.719298245614]",1316,2781,Lower Right
train_239.png,"[634.3684210526316, 181.0175438596491, 738.59649122807, 554.3859649122807]",1316,2782,Upper Right
train_239.png,"[1355.4210526315787, 256.45614035087715, 829.8245614035086, 482.45614035087715]",1316,2782,Upper Left
train_239.png,"[1395.7719298245613, 652.9473684210525, 785.9649122807016, 487.719298245614]",1316,2782,Lower Left
train_239.png,"[529.1052631578947, 552.9473684210526, 873.6842105263157, 594.736842105263]",1316,2782,Lower Right
train_375.png,"[1448.4375, 185.9375, 729.6875, 557.8125]",1316,2901,Upper Left
train_375.png,"[673.4375, 196.875, 795.3125, 556.25]",1316,2901,Upper Right
train_375.png,"[1450.0, 603.125, 814.0625, 518.75]",1316,2901,Lower Left
train_375.png,"[664.0625, 621.875, 795.3125, 598.4375]",1316,2901,Lower Right
train_190.png,"[461.75, 251.5, 510.0, 303.75]",976,1976,Upper Right
train_190.png,"[966.75, 265.25, 432.5, 286.25]",976,1976,Upper Left
train_190.png,"[973.0, 472.75, 483.75, 327.5]",976,1976,Lower Left
train_190.png,"[473.0, 487.75, 516.25, 311.25]",976,1976,Lower Right
train_77.png,"[775.0, 399.125, 740.625, 418.75]",1316,2952,Upper Right
train_77.png,"[1512.5, 371.0, 606.25, 446.875]",1316,2952,Upper Left
train_77.png,"[1465.625, 627.25, 715.625, 550.0]",1316,2952,Lower Left
train_77.png,"[812.5, 652.25, 656.25, 525.0]",1316,2952,Lower Right
train_168.png,"[815.3703703703703, 423.14814814814815, 651.8518518518518, 411.111111111111]",1316,2953,Upper Right
train_168.png,"[1437.5925925925926, 367.5925925925925, 666.6666666666665, 464.8148148148149]",1316,2953,Upper Left
train_168.png,"[1443.148148148148, 724.9999999999999, 788.8888888888889, 431.4814814814814]",1316,2953,Lower Left
train_168.png,"[704.2592592592592, 747.2222222222222, 746.2962962962962, 414.8148148148148]",1316,2953,Lower Right
train_425.png,"[1497.181818181818, 311.75757575757575, 642.4242424242425, 433.33333333333326]",1316,2893,Upper Left
train_425.png,"[785.060606060606, 302.66666666666663, 718.1818181818182, 445.4545454545454]",1316,2893,Upper Right
train_425.png,"[1500.2121212121212, 545.090909090909, 778.7878787878788, 518.1818181818182]",1316,2893,Lower Left
train_425.png,"[660.8181818181818, 520.8484848484848, 869.6969696969697, 554.5454545454545]",1316,2893,Lower Right
train_414.png,"[1471.9999999999998, 547.2727272727273, 856.3636363636363, 383.6363636363635]",1504,2868,Upper Left
train_414.png,"[679.2727272727273, 514.5454545454545, 801.8181818181818, 463.6363636363635]",1504,2868,Upper Right
train_414.png,"[1468.3636363636363, 894.5454545454545, 898.1818181818182, 427.27272727272725]",1504,2868,Lower Left
train_414.png,"[681.090909090909, 927.2727272727273, 803.6363636363635, 450.90909090909076]",1504,2868,Lower Right
train_267.png,"[729.3793103448277, 248.62068965517244, 660.344827586207, 591.3793103448276]",1316,2736,Upper Right
train_267.png,"[1375.9310344827586, 255.51724137931035, 617.2413793103449, 586.2068965517243]",1316,2736,Upper Left
train_267.png,"[1375.9310344827586, 577.9310344827587, 703.4482758620693, 529.3103448275862]",1316,2736,Lower Left
train_267.png,"[617.3103448275863, 579.6551724137931, 789.655172413793, 541.3793103448276]",1316,2736,Lower Right
train_448.png,"[721.5714285714286, 352.7857142857142, 692.8571428571428, 476.7857142857142]",1316,2818,Upper Right
train_448.png,"[1392.9999999999998, 345.6428571428571, 683.9285714285713, 483.92857142857133]",1316,2818,Upper Left
train_448.png,"[612.6428571428571, 652.7857142857142, 800.0, 548.2142857142856]",1316,2818,Lower Right
train_448.png,"[1403.7142857142856, 679.5714285714284, 798.2142857142856, 519.6428571428571]",1316,2818,Lower Left
train_8.png,"[593.1428571428571, 378.6428571428571, 817.8571428571427, 396.42857142857133]",1316,2830,Upper Right
train_8.png,"[1402.0714285714284, 358.9999999999999, 891.0714285714284, 435.71428571428567]",1316,2830,Upper Left
train_8.png,"[1409.2142857142856, 737.5714285714284, 891.0714285714287, 410.7142857142858]",1316,2830,Lower Left
train_8.png,"[585.9999999999999, 742.9285714285713, 832.1428571428572, 407.1428571428571]",1316,2830,Lower Right
train_144.png,"[1509.3333333333335, 376.58333333333337, 600.0, 416.66666666666663]",1316,2986,Upper Left
train_144.png,"[861.4166666666667, 407.83333333333337, 654.1666666666667, 385.41666666666663]",1316,2986,Upper Right
train_144.png,"[1496.8333333333335, 528.6666666666667, 808.3333333333335, 612.5]",1316,2986,Lower Left
train_144.png,"[732.25, 593.25, 775.0, 537.5]",1316,2986,Lower Right
train_208.png,"[545.3859649122807, 384.42105263157885, 843.8596491228069, 424.56140350877195]",1316,2765,Upper Right
train_208.png,"[1385.736842105263, 426.52631578947364, 798.2456140350878, 382.45614035087715]",1316,2765,Upper Left
train_208.png,"[548.8947368421052, 745.8245614035087, 849.1228070175437, 398.24561403508767]",1316,2765,Lower Right
train_208.png,"[1387.4912280701753, 737.0526315789473, 840.3508771929821, 394.7368421052631]",1316,2765,Lower Left
train_96.png,"[627.6060606060606, 342.8787878787879, 806.0606060606059, 357.5757575757576]",1316,2846,Upper Right
train_96.png,"[1436.6969696969695, 339.84848484848476, 806.060606060606, 372.72727272727275]",1316,2846,Upper Left
train_96.png,"[1442.7575757575758, 697.4242424242423, 809.0909090909088, 318.18181818181824]",1316,2846,Lower Left
train_96.png,"[627.6060606060606, 670.151515151515, 818.1818181818181, 357.57575757575773]",1316,2846,Lower Right
train_503.png,"[1415.4117647058822, 342.6470588235294, 761.7647058823529, 352.9411764705882]",1316,2844,Upper Left
train_503.png,"[768.3529411764705, 351.47058823529403, 652.9411764705883, 352.9411764705882]",1316,2844,Upper Right
train_503.png,"[1421.2941176470588, 548.5294117647059, 867.6470588235295, 502.94117647058806]",1316,2844,Lower Left
train_503.png,"[627.1764705882352, 554.4117647058822, 797.0588235294116, 494.11764705882365]",1316,2844,Lower Right
train_282.png,"[680.2727272727273, 355.090909090909, 732.7272727272725, 416.3636363636364]",1316,2871,Upper Right
train_282.png,"[1398.4545454545453, 366.0, 734.5454545454547, 409.090909090909]",1316,2871,Upper Left
train_282.png,"[569.3636363636363, 671.4545454545454, 845.4545454545455, 465.4545454545454]",1316,2871,Lower Right
train_282.png,"[1411.181818181818, 689.6363636363635, 783.6363636363635, 452.72727272727275]",1316,2871,Lower Left
train_99.png,"[1468.3636363636363, 372.7272727272727, 1041.8181818181818, 430.9090909090908]",1504,2868,Upper Left
train_99.png,"[619.2727272727273, 336.3636363636363, 861.8181818181818, 467.2727272727272]",1504,2868,Upper Right
train_99.png,"[1475.6363636363635, 749.090909090909, 956.3636363636365, 505.4545454545455]",1504,2868,Lower Left
train_99.png,"[521.090909090909, 701.8181818181818, 990.9090909090908, 605.4545454545455]",1504,2868,Lower Right
train_48.png,"[1383.9285714285713, 165.28571428571428, 758.9285714285713, 589.2857142857142]",1316,2832,Upper Left
train_48.png,"[687.4999999999999, 131.35714285714283, 703.5714285714286, 632.1428571428571]",1316,2832,Upper Right
train_48.png,"[1399.9999999999998, 520.6428571428571, 851.7857142857144, 551.7857142857142]",1316,2832,Lower Left
train_48.png,"[641.0714285714286, 577.7857142857142, 774.9999999999999, 516.0714285714284]",1316,2832,Lower Right
train_352.png,"[540.6666666666667, 316.33333333333337, 801.6666666666667, 413.33333333333337]",1316,2656,Upper Right
train_352.png,"[1340.6666666666667, 309.6666666666667, 755.0000000000002, 421.6666666666667]",1316,2656,Upper Left
train_352.png,"[1339.0, 649.6666666666667, 851.666666666667, 408.33333333333326]",1316,2656,Lower Left
train_352.png,"[460.6666666666667, 601.3333333333334, 903.3333333333333, 468.33333333333337]",1316,2656,Lower Right
train_411.png,"[1420.0980392156862, 492.66666666666663, 792.1568627450979, 362.7450980392158]",1316,2790,Upper Left
train_411.png,"[700.4901960784314, 480.9019607843137, 729.4117647058822, 356.8627450980392]",1316,2790,Upper Right
train_411.png,"[1408.3333333333333, 776.9803921568628, 829.4117647058822, 372.5490196078431]",1316,2790,Lower Left
train_411.png,"[645.5882352941177, 704.4313725490197, 776.470588235294, 443.13725490196066]",1316,2790,Lower Right
train_512.png,"[1354.7142857142856, 293.8571428571428, 768.5714285714287, 382.8571428571428]",1316,2769,Upper Left
train_512.png,"[597.5714285714286, 296.71428571428567, 774.2857142857141, 377.142857142857]",1316,2769,Upper Right
train_512.png,"[1334.7142857142856, 548.1428571428571, 854.2857142857144, 505.71428571428555]",1316,2769,Lower Left
train_512.png,"[514.7142857142857, 568.1428571428571, 831.4285714285714, 497.1428571428571]",1316,2769,Lower Right
train_89.png,"[1497.060606060606, 290.5454545454545, 766.6666666666665, 412.121212121212]",1316,2942,Upper Left
train_89.png,"[721.3030303030303, 299.6363636363636, 781.8181818181818, 384.8484848484849]",1316,2942,Upper Right
train_89.png,"[1503.121212121212, 505.69696969696975, 845.4545454545455, 518.181818181818]",1316,2942,Lower Left
train_89.png,"[560.6969696969696, 493.5757575757575, 951.5151515151516, 548.4848484848485]",1316,2942,Lower Right
train_398.png,"[1424.5925925925926, 305.1851851851851, 772.2222222222222, 412.96296296296293]",1316,2901,Upper Left
train_398.png,"[683.8518518518518, 301.4814814814814, 772.2222222222221, 425.925925925926]",1316,2901,Upper Right
train_398.png,"[1419.037037037037, 672.9047619047619, 701.0582010582011, 408.20634920634916]",1316,2901,Lower Left
train_398.png,"[648.6666666666667, 653.8571428571429, 825.9259259259256, 432.8095238095236]",1316,2901,Lower Right
train_410.png,"[1429.0566037735848, 449.2264150943396, 803.7735849056603, 373.58490566037733]",1316,2953,Upper Left
train_410.png,"[747.9245283018868, 451.11320754716974, 686.7924528301887, 409.43396226415086]",1316,2953,Upper Right
train_410.png,"[1442.264150943396, 736.0188679245283, 845.2830188679245, 320.754716981132]",1316,2953,Lower Left
train_410.png,"[874.3396226415094, 771.8679245283018, 611.320754716981, 286.7924528301886]",1316,2953,Lower Right
train_579.png,"[1485.969696969697, 323.8787878787879, 745.4545454545455, 460.6060606060606]",1316,2938,Upper Left
train_579.png,"[695.060606060606, 305.69696969696963, 787.8787878787878, 481.81818181818187]",1316,2938,Upper Right
train_579.png,"[1476.8787878787878, 593.5757575757575, 881.8181818181818, 530.3030303030303]",1316,2938,Lower Left
train_579.png,"[576.8787878787879, 514.7878787878788, 912.1212121212121, 621.2121212121212]",1316,2938,Lower Right
train_119.png,"[690.5925925925925, 195.37037037037032, 768.5185185185186, 527.7777777777777]",1316,2959,Upper Right
train_119.png,"[1449.8518518518517, 208.33333333333331, 750.0, 518.5185185185185]",1316,2959,Upper Left
train_119.png,"[1466.5185185185185, 539.8148148148148, 831.4814814814815, 577.7777777777778]",1316,2959,Lower Left
train_119.png,"[601.7037037037037, 537.9629629629629, 874.0740740740739, 581.4814814814814]",1316,2959,Lower Right
train_109.png,"[1472.566037735849, 371.86792452830184, 620.7547169811319, 401.88679245283015]",1316,2957,Upper Left
train_109.png,"[819.7358490566037, 390.7358490566038, 660.3773584905659, 386.7924528301886]",1316,2957,Upper Right
train_109.png,"[1494.6666666666667, 629.3333333333334, 783.9999999999998, 498.66666666666663]",1316,2957,Lower Left
train_109.png,"[728.0, 674.6666666666666, 793.3333333333333, 500.0000000000001]",1316,2957,Lower Right
train_543.png,"[736.8518518518518, 267.5925925925926, 709.2592592592592, 431.4814814814814]",1316,2934,Upper Right
train_543.png,"[1440.5555555555554, 282.4074074074074, 737.0370370370372, 433.33333333333326]",1316,2934,Upper Left
train_543.png,"[1440.5555555555554, 695.3703703703703, 722.2222222222224, 383.33333333333337]",1316,2934,Lower Left
train_543.png,"[653.5185185185185, 569.4444444444443, 792.5925925925926, 507.4074074074074]",1316,2934,Lower Right
train_492.png,"[677.7142857142857, 383.9999999999999, 757.142857142857, 391.07142857142856]",1316,2842,Upper Right
train_492.png,"[1431.2857142857142, 385.7857142857142, 742.8571428571427, 389.2857142857142]",1316,2842,Upper Left
train_492.png,"[1431.2857142857142, 658.9999999999999, 835.7142857142858, 451.78571428571433]",1316,2842,Lower Left
train_492.png,"[625.9285714285713, 651.8571428571428, 844.6428571428571, 460.71428571428567]",1316,2842,Lower Right
train_364.png,"[721.9285714285713, 388.5, 687.5, 382.142857142857]",1316,2808,Upper Right
train_364.png,"[1398.7142857142856, 415.2857142857142, 664.2857142857144, 357.1428571428571]",1316,2808,Upper Left
train_364.png,"[1389.7857142857142, 608.1428571428571, 837.5, 514.2857142857142]",1316,2808,Lower Left
train_364.png,"[589.7727272727273, 645.4545454545455, 819.3181818181818, 455.68181818181824]",1316,2808,Lower Right
train_517.png,"[1510.181818181818, 370.9090909090909, 896.3636363636365, 550.9090909090909]",1504,2868,Upper Left
train_517.png,"[648.3636363636363, 410.9090909090909, 880.0, 514.5454545454544]",1504,2868,Upper Right
train_517.png,"[1491.9999999999998, 641.8181818181818, 1060.0000000000002, 640.0]",1504,2868,Lower Left
train_517.png,"[470.18181818181813, 732.7272727272726, 1029.090909090909, 581.8181818181819]",1504,2868,Lower Right
train_310.png,"[1349.2857142857142, 322.42857142857133, 722.8571428571427, 334.2857142857142]",1316,2741,Upper Left
train_310.png,"[689.2857142857142, 325.2857142857142, 682.8571428571429, 348.57142857142844]",1316,2741,Upper Right
train_310.png,"[1346.4285714285713, 556.7142857142856, 777.1428571428571, 485.7142857142858]",1316,2741,Lower Left
train_310.png,"[632.1428571428571, 573.8571428571427, 762.8571428571427, 457.1428571428571]",1316,2741,Lower Right
train_147.png,"[776.3396226415094, 411.7735849056603, 716.9811320754717, 398.11320754716985]",1316,2983,Upper Right
train_147.png,"[1493.3207547169811, 394.7924528301886, 656.6037735849056, 416.9811320754717]",1316,2983,Upper Left
train_147.png,"[1489.5471698113206, 704.2264150943396, 773.5849056603774, 430.18867924528297]",1316,2983,Lower Left
train_147.png,"[725.3962264150942, 660.8301886792452, 771.6981132075472, 484.90566037735846]",1316,2983,Lower Right
train_81.png,"[489.25, 304.0, 473.75, 253.75]",976,1976,Upper Right
train_81.png,"[955.5, 174.0, 426.25, 370.0]",976,1976,Upper Left
train_81.png,"[960.5, 450.25, 461.25, 287.5]",976,1976,Lower Left
train_81.png,"[495.5, 479.0, 472.5, 255.0]",976,1976,Lower Right
train_28.png,"[721.1698113207547, 243.84905660377353, 758.4905660377358, 475.4716981132076]",1316,2967,Upper Right
train_28.png,"[1460.7924528301885, 236.30188679245282, 803.7735849056605, 481.13207547169804]",1316,2967,Upper Left
train_28.png,"[1466.4528301886792, 577.8113207547169, 752.8301886792453, 515.0943396226414]",1316,2967,Lower Left
train_28.png,"[755.132075471698, 589.132075471698, 730.1886792452831, 511.3207547169811]",1316,2967,Lower Right
train_91.png,"[1417.9259259259259, 269.99999999999994, 690.7407407407406, 483.3333333333333]",1316,2922,Upper Left
train_91.png,"[732.7407407407406, 260.7407407407407, 714.8148148148148, 507.40740740740733]",1316,2922,Upper Right
train_91.png,"[1430.8888888888887, 581.1111111111111, 827.7777777777778, 566.6666666666665]",1316,2922,Lower Left
train_91.png,"[612.3703703703703, 601.4814814814814, 881.4814814814814, 603.7037037037036]",1316,2922,Lower Right
train_272.png,"[984.5, 236.5, 567.5, 315.0]",976,1976,Upper Left
train_272.png,"[488.25, 200.25, 510.0, 346.25]",976,1976,Upper Right
train_272.png,"[994.5, 407.75, 562.5, 407.5]",976,1976,Lower Left
train_272.png,"[390.75, 401.5, 608.75, 427.5]",976,1976,Lower Right
train_296.png,"[1472.060606060606, 363.27272727272725, 633.3333333333335, 336.36363636363626]",1316,2892,Upper Left
train_296.png,"[790.2424242424242, 381.4545454545455, 687.8787878787878, 321.212121212121]",1316,2892,Upper Right
train_296.png,"[1432.6666666666665, 554.181818181818, 775.757575757576, 484.848484848485]",1316,2892,Lower Left
train_296.png,"[693.2727272727273, 569.3333333333333, 739.3939393939393, 472.72727272727275]",1316,2892,Lower Right
train_78.png,"[842.8113207547169, 374.0377358490566, 620.7547169811321, 383.0188679245282]",1316,2965,Upper Right
train_78.png,"[1456.0188679245282, 347.62264150943395, 637.7358490566037, 409.43396226415086]",1316,2965,Upper Left
train_78.png,"[1489.9811320754716, 568.3773584905659, 728.3018867924529, 586.7924528301887]",1316,2965,Lower Left
train_78.png,"[759.7924528301886, 630.6415094339623, 737.7358490566038, 526.4150943396226]",1316,2965,Lower Right
train_650.png,"[1478.245283018868, 375.64150943396226, 779.2452830188679, 443.39622641509436]",1316,2992,Upper Left
train_650.png,"[791.4528301886792, 315.2641509433962, 715.0943396226414, 458.4905660377358]",1316,2992,Upper Right
train_650.png,"[1482.0188679245282, 619.0377358490566, 801.8867924528302, 571.6981132075471]",1316,2992,Lower Left
train_650.png,"[802.7735849056603, 728.4716981132075, 698.1132075471698, 479.245283018868]",1316,2992,Lower Right
train_341.png,"[735.2857142857142, 357.21428571428567, 701.7857142857142, 430.3571428571428]",1316,2850,Upper Right
train_341.png,"[1433.4999999999998, 405.42857142857133, 703.5714285714287, 383.92857142857133]",1316,2850,Upper Left
train_341.png,"[1404.9285714285713, 682.2142857142857, 796.4285714285713, 453.57142857142856]",1316,2850,Lower Left
train_341.png,"[635.2857142857142, 655.4285714285713, 789.2857142857142, 501.7857142857142]",1316,2850,Lower Right
train_472.png,"[1473.7924528301885, 275.64150943396226, 698.1132075471698, 488.6792452830189]",1316,2968,Upper Left
train_472.png,"[790.7735849056603, 271.86792452830184, 698.1132075471698, 503.7735849056604]",1316,2968,Upper Right
train_472.png,"[1488.8867924528302, 653.0, 794.3396226415095, 516.9811320754716]",1316,2968,Lower Left
train_472.png,"[775.6792452830189, 694.5094339622641, 745.2830188679245, 499.9999999999999]",1316,2968,Lower Right
train_198.png,"[1452.6666666666665, 242.060606060606, 830.3030303030305, 430.30303030303025]",1316,2931,Upper Left
train_198.png,"[637.5151515151515, 248.12121212121212, 824.2424242424242, 430.30303030303014]",1316,2931,Upper Right
train_198.png,"[1452.6666666666665, 487.5151515151515, 954.5454545454545, 575.7575757575758]",1316,2931,Lower Left
train_198.png,"[528.4242424242424, 454.181818181818, 945.4545454545454, 630.3030303030305]",1316,2931,Lower Right
train_212.png,"[1484.7272727272725, 356.3636363636363, 905.4545454545455, 505.45454545454544]",1504,2868,Upper Left
train_212.png,"[559.2727272727273, 354.5454545454545, 956.3636363636363, 501.81818181818176]",1504,2868,Upper Right
train_212.png,"[1475.6363636363635, 709.090909090909, 1047.272727272727, 587.2727272727273]",1504,2868,Lower Left
train_212.png,"[477.45454545454544, 698.1818181818181, 1009.090909090909, 634.5454545454544]",1504,2868,Lower Right
train_560.png,"[1379.2727272727273, 307.81818181818176, 754.5454545454543, 436.3636363636364]",1316,2869,Upper Left
train_560.png,"[653.8181818181818, 340.5454545454545, 758.181818181818, 405.4545454545454]",1316,2869,Upper Right
train_560.png,"[1410.181818181818, 456.9090909090909, 916.3636363636365, 619.9999999999999]",1316,2869,Lower Left
train_560.png,"[566.5454545454545, 640.5454545454545, 876.3636363636363, 470.90909090909076]",1316,2869,Lower Right
train_295.png,"[628.235294117647, 132.11764705882354, 767.6470588235294, 549.9999999999999]",1316,2806,Upper Right
train_295.png,"[1390.0, 135.0588235294117, 791.1764705882351, 544.1176470588234]",1316,2806,Upper Left
train_295.png,"[1395.8823529411764, 440.9411764705882, 852.9411764705881, 641.1764705882352]",1316,2806,Lower Left
train_295.png,"[560.5882352941176, 493.88235294117635, 844.1176470588234, 591.1764705882354]",1316,2806,Lower Right
train_203.png,"[1434.0, 285.0, 676.0, 444.0]",1316,2910,Upper Left
train_203.png,"[892.0, 303.0, 540.0, 436.0]",1316,2910,Upper Right
train_203.png,"[1454.0, 533.0, 788.0, 508.0]",1316,2910,Lower Left
train_203.png,"[754.0, 597.0, 726.0, 452.0]",1316,2910,Lower Right
train_420.png,"[1456.5185185185185, 379.25925925925924, 770.3703703703702, 431.4814814814814]",1316,2914,Upper Left
train_420.png,"[821.3333333333333, 410.74074074074065, 648.148148148148, 387.03703703703695]",1316,2914,Upper Right
train_420.png,"[1463.9259259259259, 679.2592592592592, 796.2962962962963, 490.74074074074076]",1316,2914,Lower Left
train_420.png,"[771.3333333333333, 725.5555555555555, 696.2962962962963, 488.8888888888888]",1316,2914,Lower Right
train_572.png,"[1479.2727272727273, 321.81818181818176, 879.9999999999998, 478.18181818181813]",1504,2868,Upper Left
train_572.png,"[601.090909090909, 363.63636363636357, 910.9090909090908, 443.6363636363637]",1504,2868,Upper Right
train_572.png,"[1468.3636363636363, 659.9999999999999, 1030.9090909090908, 578.1818181818181]",1504,2868,Lower Left
train_572.png,"[422.9090909090909, 636.3636363636363, 1070.909090909091, 621.8181818181818]",1504,2868,Lower Right
train_157.png,"[1455.1724137931035, 240.37931034482762, 715.5172413793105, 463.7931034482759]",1316,2983,Upper Left
train_157.png,"[817.2413793103449, 238.65517241379314, 656.8965517241379, 455.1724137931035]",1316,2983,Upper Right
train_157.png,"[1443.103448275862, 540.3793103448277, 865.5172413793105, 591.3793103448277]",1316,2983,Lower Left
train_157.png,"[739.6551724137931, 581.7586206896552, 725.8620689655173, 601.7241379310345]",1316,2983,Lower Right
train_445.png,"[1494.8867924528302, 268.0943396226414, 677.3584905660375, 462.2641509433962]",1316,2979,Upper Left
train_445.png,"[855.2641509433962, 224.69811320754712, 649.0566037735849, 503.77358490566036]",1316,2979,Upper Right
train_445.png,"[1498.6603773584905, 534.132075471698, 796.2264150943395, 566.0377358490566]",1316,2979,Lower Left
train_445.png,"[728.8490566037735, 534.132075471698, 788.6792452830189, 581.132075471698]",1316,2979,Lower Right
train_672.png,"[1425.5454545454545, 408.72727272727275, 796.969696969697, 354.5454545454545]",1316,2902,Upper Left
train_672.png,"[722.5151515151515, 408.72727272727275, 706.060606060606, 360.6060606060605]",1316,2902,Upper Right
train_672.png,"[1464.9393939393938, 657.2121212121212, 815.1515151515152, 445.45454545454527]",1316,2902,Lower Left
train_672.png,"[667.9696969696969, 699.6363636363635, 842.4242424242424, 424.24242424242425]",1316,2902,Lower Right
train_628.png,"[722.6363636363636, 282.0, 787.2727272727271, 461.81818181818176]",1316,2907,Upper Right
train_628.png,"[1489.9090909090908, 229.27272727272725, 705.4545454545453, 514.5454545454545]",1316,2907,Upper Left
train_628.png,"[1477.181818181818, 591.090909090909, 789.090909090909, 523.6363636363635]",1316,2907,Lower Left
train_628.png,"[617.1818181818181, 556.5454545454545, 887.2727272727271, 560.0]",1316,2907,Lower Right
train_575.png,"[1374.8823529411764, 404.4117647058822, 708.8235294117646, 347.0588235294117]",1316,2810,Upper Left
train_575.png,"[745.470588235294, 410.2941176470588, 647.0588235294118, 352.9411764705883]",1316,2810,Upper Right
train_575.png,"[1392.5294117647059, 622.0588235294117, 741.1764705882351, 502.94117647058806]",1316,2810,Lower Left
train_575.png,"[636.6470588235294, 604.4117647058822, 761.7647058823528, 538.2352941176471]",1316,2810,Lower Right
train_554.png,"[1418.0, 354.4117647058823, 597.0588235294117, 429.4117647058823]",1316,2809,Upper Left
train_554.png,"[762.1176470588234, 307.3529411764705, 670.5882352941176, 488.2352941176471]",1316,2809,Upper Right
train_554.png,"[1432.705882352941, 583.8235294117646, 694.1176470588234, 511.7647058823529]",1316,2809,Lower Left
train_554.png,"[662.1176470588235, 592.6470588235293, 773.5294117647057, 538.2352941176471]",1316,2809,Lower Right
train_625.png,"[1371.2857142857142, 273.8571428571428, 734.2857142857142, 468.57142857142856]",1316,2744,Upper Left
train_625.png,"[685.5714285714286, 288.1428571428571, 691.4285714285712, 454.2857142857142]",1316,2744,Upper Right
train_625.png,"[1388.4285714285713, 493.85714285714266, 822.8571428571429, 588.5714285714287]",1316,2744,Lower Left
train_625.png,"[571.2857142857142, 488.1428571428571, 825.7142857142856, 617.1428571428571]",1316,2744,Lower Right
train_494.png,"[1406.2941176470588, 348.52941176470586, 752.9411764705881, 355.88235294117635]",1316,2814,Upper Left
train_494.png,"[759.235294117647, 357.3529411764705, 658.8235294117648, 335.2941176470588]",1316,2814,Upper Right
train_494.png,"[1421.0, 625.0, 779.411764705882, 426.4705882352939]",1316,2814,Lower Left
train_494.png,"[700.4117647058823, 622.0588235294117, 747.0588235294116, 441.17647058823513]",1316,2814,Lower Right
train_202.png,"[1443.5454545454545, 446.0, 607.272727272727, 436.36363636363626]",1316,2863,Upper Left
train_202.png,"[839.9090909090909, 396.9090909090909, 616.3636363636364, 483.6363636363636]",1316,2863,Upper Right
train_202.png,"[1414.4545454545453, 684.1818181818181, 745.4545454545453, 498.18181818181813]",1316,2863,Lower Left
train_202.png,"[718.090909090909, 669.6363636363635, 714.5454545454545, 527.2727272727273]",1316,2863,Lower Right
train_523.png,"[1439.4545454545453, 494.5454545454545, 1058.1818181818182, 461.81818181818176]",1504,2872,Upper Left
train_523.png,"[521.2727272727273, 385.45454545454544, 923.6363636363635, 570.9090909090908]",1504,2872,Upper Right
train_523.png,"[1533.9999999999998, 756.3636363636363, 1085.4545454545453, 523.6363636363637]",1504,2872,Lower Left
train_523.png,"[508.5454545454545, 845.4545454545454, 1065.4545454545453, 485.4545454545454]",1504,2872,Lower Right
train_640.png,"[1479.2727272727273, 467.27272727272725, 936.3636363636363, 445.4545454545455]",1504,2868,Upper Left
train_640.png,"[622.9090909090909, 478.18181818181813, 874.5454545454544, 423.6363636363636]",1504,2868,Upper Right
train_640.png,"[1499.2727272727273, 796.3636363636363, 1074.5454545454543, 472.72727272727275]",1504,2868,Lower Left
train_640.png,"[677.4545454545454, 847.2727272727271, 832.7272727272726, 461.81818181818187]",1504,2868,Lower Right
train_595.png,"[1405.8431372549019, 396.5882352941177, 805.8823529411764, 419.6078431372549]",1316,2851,Upper Left
train_595.png,"[778.3921568627451, 398.5490196078431, 633.3333333333334, 425.4901960784314]",1316,2851,Upper Right
train_595.png,"[1398.0, 620.1176470588235, 896.078431372549, 503.92156862745094]",1316,2851,Lower Left
train_595.png,"[572.5098039215686, 604.4313725490196, 858.8235294117646, 533.3333333333334]",1316,2851,Lower Right
train_690.png,"[1454.7777777777776, 268.1481481481481, 796.2962962962963, 437.037037037037]",1316,2891,Upper Left
train_690.png,"[745.5185185185185, 273.7037037037037, 731.4814814814815, 427.7777777777777]",1316,2891,Upper Right
train_690.png,"[1464.037037037037, 603.3333333333333, 814.8148148148148, 520.3703703703704]",1316,2891,Lower Left
train_690.png,"[673.2962962962963, 599.6296296296296, 811.1111111111111, 548.148148148148]",1316,2891,Lower Right
train_659.png,"[1522.1538461538462, 411.9230769230769, 744.230769230769, 425.0]",1316,3002,Upper Left
train_659.png,"[852.9230769230769, 371.53846153846155, 707.6923076923076, 449.9999999999999]",1316,3002,Upper Right
train_659.png,"[1487.5384615384614, 663.8461538461538, 909.6153846153848, 478.8461538461538]",1316,3002,Lower Left
train_659.png,"[716.3846153846154, 619.6153846153846, 803.8461538461539, 615.3846153846154]",1316,3002,Lower Right
train_481.png,"[1390.5454545454545, 240.5454545454545, 929.090909090909, 492.72727272727275]",1316,2837,Upper Left
train_481.png,"[556.0, 240.5454545454545, 858.181818181818, 490.9090909090909]",1316,2837,Upper Right
train_481.png,"[1401.4545454545453, 653.2727272727273, 1003.6363636363637, 489.090909090909]",1316,2837,Lower Left
train_481.png,"[425.09090909090907, 651.4545454545454, 981.8181818181818, 469.0909090909091]",1316,2837,Lower Right
train_126.png,"[524.5, 294.71428571428567, 842.8571428571427, 460.71428571428567]",1316,2831,Upper Right
train_126.png,"[1360.2142857142856, 253.6428571428571, 783.9285714285713, 432.1428571428571]",1316,2831,Upper Left
train_126.png,"[1370.9285714285713, 550.0714285714284, 823.2142857142856, 539.2857142857142]",1316,2831,Lower Left
train_126.png,"[606.6428571428571, 687.5714285714284, 830.3571428571427, 407.1428571428571]",1316,2831,Lower Right
train_432.png,"[1415.0, 372.0588235294117, 705.8823529411761, 467.6470588235293]",1316,2802,Upper Left
train_432.png,"[665.0, 357.3529411764705, 752.9411764705881, 494.1176470588234]",1316,2802,Upper Right
train_432.png,"[1379.705882352941, 686.7647058823529, 873.5294117647059, 482.3529411764705]",1316,2802,Lower Left
train_432.png,"[562.0588235294117, 560.2941176470588, 841.1764705882351, 620.5882352941176]",1316,2802,Lower Right
train_262.png,"[733.75, 352.25, 753.125, 365.625]",1316,2933,Upper Right
train_262.png,"[1486.875, 364.75, 781.25, 362.5]",1316,2933,Upper Left
train_262.png,"[1480.625, 649.125, 809.375, 434.375]",1316,2933,Lower Left
train_262.png,"[730.625, 627.25, 753.125, 462.5]",1316,2933,Lower Right
train_149.png,"[633.7272727272726, 423.27272727272725, 876.3636363636364, 443.6363636363635]",1504,2872,Upper Right
train_149.png,"[1497.3636363636363, 419.6363636363636, 847.2727272727273, 449.0909090909091]",1504,2872,Upper Left
train_149.png,"[1473.7272727272725, 795.9999999999999, 900.0, 489.0909090909091]",1504,2872,Lower Left
train_149.png,"[595.5454545454545, 728.7272727272726, 894.5454545454545, 567.2727272727271]",1504,2872,Lower Right
train_443.png,"[829.125, 374.125, 656.25, 390.625]",1316,2955,Upper Right
train_443.png,"[1463.5, 364.75, 678.125, 443.75]",1316,2955,Upper Left
train_443.png,"[1472.875, 677.25, 690.625, 446.875]",1316,2955,Lower Left
train_443.png,"[835.375, 708.5, 637.5, 425.0]",1316,2955,Lower Right
train_533.png,"[1398.1764705882351, 491.0, 726.4705882352941, 332.3529411764705]",1316,2786,Upper Left
train_533.png,"[733.470588235294, 446.88235294117635, 670.5882352941177, 376.47058823529414]",1316,2786,Upper Right
train_533.png,"[627.5882352941176, 738.0588235294117, 773.5294117647059, 426.47058823529414]",1316,2786,Lower Right
train_533.png,"[1401.1176470588234, 717.4705882352939, 832.3529411764707, 441.17647058823536]",1316,2786,Lower Left
train_433.png,"[954.5, 220.25, 467.5, 335.0]",976,1976,Upper Left
train_433.png,"[484.5, 231.5, 476.25, 325.0]",976,1976,Upper Right
train_433.png,"[957.0, 435.25, 605.0, 336.25]",976,1976,Lower Left
train_433.png,"[373.25, 437.75, 587.5, 342.5]",976,1976,Lower Right
train_501.png,"[435.5, 297.75, 516.25, 258.75]",976,1976,Upper Right
train_501.png,"[948.0, 280.25, 461.25, 277.5]",976,1976,Upper Left
train_501.png,"[931.75, 481.5, 531.25, 341.25]",976,1976,Lower Left
train_501.png,"[425.5, 492.75, 515.0, 333.75]",976,1976,Lower Right
train_371.png,"[1396.181818181818, 376.9090909090909, 881.818181818182, 405.4545454545454]",1316,2840,Upper Left
train_371.png,"[687.090909090909, 282.3636363636363, 718.1818181818182, 479.99999999999994]",1316,2840,Upper Right
train_371.png,"[1396.181818181818, 618.7272727272726, 827.2727272727275, 472.72727272727263]",1316,2840,Lower Left
train_371.png,"[572.5454545454545, 587.8181818181818, 834.5454545454545, 530.9090909090908]",1316,2840,Lower Right
train_270.png,"[1401.3939393939393, 269.33333333333326, 869.6969696969697, 387.878787878788]",1316,2884,Upper Left
train_270.png,"[604.4242424242424, 260.24242424242425, 809.0909090909091, 412.121212121212]",1316,2884,Upper Right
train_270.png,"[1404.4242424242423, 532.969696969697, 893.9393939393938, 503.030303030303]",1316,2884,Lower Left
train_270.png,"[525.6363636363636, 554.181818181818, 893.9393939393939, 506.06060606060623]",1316,2884,Lower Right
train_18.png,"[1373.7192982456138, 491.43859649122794, 757.8947368421052, 410.52631578947364]",1316,2756,Upper Left
train_18.png,"[705.298245614035, 405.47368421052624, 698.2456140350877, 503.50877192982443]",1316,2756,Upper Right
train_18.png,"[1373.7192982456138, 786.1754385964912, 864.9122807017545, 464.9122807017543]",1316,2756,Lower Left
train_18.png,"[626.3508771929824, 751.0877192982455, 773.6842105263158, 508.7719298245613]",1316,2756,Lower Right
train_39.png,"[738.5151515151515, 258.030303030303, 709.090909090909, 475.75757575757575]",1316,2885,Upper Right
train_39.png,"[1444.5757575757575, 279.24242424242425, 709.090909090909, 457.5757575757575]",1316,2885,Upper Left
train_39.png,"[1444.5757575757575, 545.9090909090909, 809.090909090909, 521.2121212121211]",1316,2885,Lower Left
train_39.png,"[605.1818181818181, 533.7878787878788, 863.6363636363636, 539.3939393939393]",1316,2885,Lower Right
train_504.png,"[1382.7142857142856, 408.142857142857, 702.8571428571429, 382.8571428571428]",1316,2744,Upper Left
train_504.png,"[771.2857142857142, 385.2857142857142, 620.0, 397.1428571428571]",1316,2744,Upper Right
train_504.png,"[1388.4285714285713, 650.9999999999998, 745.7142857142856, 460.0]",1316,2744,Lower Left
train_504.png,"[648.4285714285713, 602.4285714285713, 748.5714285714284, 511.42857142857133]",1316,2744,Lower Right
train_577.png,"[1455.844155844156, 296.1038961038961, 794.8051948051948, 522.077922077922]",1316,2904,Upper Left
train_577.png,"[668.0555555555555, 248.61111111111111, 824.1522366522366, 565.6746031746031]",1316,2904,Upper Right
train_577.png,"[473.61111111111114, 491.6666666666667, 959.7222222222224, 709.7222222222222]",1316,2904,Lower Right
train_577.png,"[1429.1666666666667, 598.6111111111111, 870.8333333333333, 605.5555555555557]",1316,2904,Lower Left
train_339.png,"[1482.7735849056603, 271.86792452830184, 652.8301886792451, 471.6981132075472]",1316,2952,Upper Left
train_339.png,"[852.5849056603773, 313.37735849056605, 641.5094339622641, 426.41509433962256]",1316,2952,Upper Right
train_339.png,"[1475.2264150943395, 541.6792452830189, 828.3018867924527, 596.2264150943395]",1316,2952,Lower Left
train_339.png,"[784.6603773584906, 632.2452830188679, 732.0754716981131, 558.4905660377358]",1316,2952,Lower Right
train_644.png,"[777.0, 451.39622641509425, 756.6037735849056, 343.3962264150945]",1316,2973,Upper Right
train_644.png,"[1512.8490566037735, 462.7169811320755, 700.0, 352.8301886792451]",1316,2973,Upper Left
train_644.png,"[1458.132075471698, 772.1509433962265, 752.8301886792451, 337.7358490566037]",1316,2973,Lower Left
train_644.png,"[767.566037735849, 664.6037735849056, 741.5094339622642, 447.16981132075466]",1316,2973,Lower Right
train_184.png,"[1408.4242424242423, 393.5757575757575, 736.3636363636363, 342.4242424242425]",1316,2892,Upper Left
train_184.png,"[732.6666666666666, 396.6060606060605, 684.8484848484849, 324.24242424242425]",1316,2892,Upper Right
train_184.png,"[1359.9393939393938, 642.060606060606, 809.0909090909092, 403.030303030303]",1316,2892,Lower Left
train_184.png,"[581.1515151515151, 572.3636363636363, 830.3030303030304, 493.939393939394]",1316,2892,Lower Right
train_167.png,"[1420.2424242424242, 296.6060606060605, 787.8787878787878, 360.60606060606074]",1316,2951,Upper Left
train_167.png,"[699.030303030303, 329.9393939393939, 748.4848484848485, 333.33333333333337]",1316,2951,Upper Right
train_167.png,"[1471.7575757575758, 523.8787878787878, 842.4242424242423, 481.81818181818176]",1316,2951,Lower Left
train_167.png,"[577.8181818181818, 545.090909090909, 912.121212121212, 487.878787878788]",1316,2951,Lower Right
train_72.png,"[1400.705882352941, 298.52941176470586, 870.5882352941176, 391.17647058823513]",1316,2844,Upper Left
train_72.png,"[571.2941176470588, 307.3529411764705, 829.4117647058822, 397.0588235294117]",1316,2844,Upper Right
train_72.png,"[1436.0, 557.3529411764705, 811.7647058823527, 517.6470588235293]",1316,2844,Lower Left
train_72.png,"[547.7647058823529, 630.8823529411764, 885.2941176470588, 464.7058823529412]",1316,2844,Lower Right
train_192.png,"[656.6363636363636, 220.18181818181813, 776.3636363636361, 498.18181818181813]",1316,2896,Upper Right
train_192.png,"[1427.5454545454545, 263.81818181818176, 792.7272727272725, 456.3636363636364]",1316,2896,Upper Left
train_192.png,"[1432.9999999999998, 605.6363636363635, 778.1818181818182, 534.5454545454545]",1316,2896,Lower Left
train_192.png,"[625.7272727272726, 565.6363636363636, 829.0909090909091, 578.1818181818181]",1316,2896,Lower Right
train_207.png,"[1450.5849056603772, 398.2830188679245, 515.0943396226417, 445.2830188679245]",1316,2948,Upper Left
train_207.png,"[980.7735849056603, 415.2641509433962, 477.35849056603774, 439.62264150943395]",1316,2948,Upper Right
train_207.png,"[1473.2264150943395, 643.566037735849, 728.3018867924527, 452.83018867924534]",1316,2948,Lower Left
train_207.png,"[892.0943396226414, 666.2075471698113, 632.0754716981132, 533.9622641509434]",1316,2948,Lower Right
train_516.png,"[1395.7142857142856, 382.42857142857133, 717.1428571428571, 377.1428571428571]",1316,2771,Upper Left
train_516.png,"[635.7142857142857, 370.9999999999999, 762.8571428571428, 394.28571428571433]",1316,2771,Upper Right
train_516.png,"[1404.2857142857142, 645.2857142857142, 817.1428571428569, 468.57142857142844]",1316,2771,Lower Left
train_516.png,"[515.7142857142857, 599.5714285714284, 885.7142857142857, 522.8571428571429]",1316,2771,Lower Right
train_598.png,"[1474.1132075471696, 334.13207547169804, 794.3396226415093, 439.62264150943395]",1316,2946,Upper Left
train_598.png,"[757.132075471698, 311.4905660377358, 728.3018867924529, 464.15094339622647]",1316,2946,Upper Right
train_598.png,"[1489.2075471698113, 545.4528301886792, 896.2264150943397, 571.6981132075471]",1316,2946,Lower Left
train_598.png,"[651.4716981132075, 558.6603773584906, 864.1509433962264, 564.1509433962264]",1316,2946,Lower Right
train_359.png,"[1417.642857142857, 411.71428571428567, 817.8571428571429, 391.07142857142856]",1316,2828,Upper Left
train_359.png,"[585.5, 317.07142857142856, 866.0714285714284, 462.4999999999999]",1316,2828,Upper Right
train_359.png,"[1428.3571428571427, 618.8571428571428, 1012.5, 530.3571428571428]",1316,2828,Lower Left
train_359.png,"[483.71428571428567, 586.7142857142857, 960.7142857142857, 567.8571428571428]",1316,2828,Lower Right
train_539.png,"[1513.9811320754716, 226.58490566037733, 750.9433962264152, 586.7924528301886]",1316,2987,Upper Left
train_539.png,"[849.8301886792452, 192.62264150943395, 662.2641509433962, 618.8679245283018]",1316,2987,Upper Right
train_539.png,"[1497.0, 543.566037735849, 894.3396226415093, 573.5849056603772]",1316,2987,Lower Left
train_539.png,"[647.9433962264151, 602.0566037735848, 864.1509433962264, 567.9245283018868]",1316,2987,Lower Right
train_17.png,"[738.9285714285713, 361.71428571428567, 691.0714285714284, 380.3571428571428]",1316,2792,Upper Right
train_17.png,"[1429.9999999999998, 363.5, 735.7142857142856, 374.9999999999999]",1316,2792,Upper Left
train_17.png,"[653.2142857142857, 679.5714285714284, 792.8571428571428, 410.7142857142858]",1316,2792,Lower Right
train_17.png,"[1438.9285714285713, 665.2857142857142, 828.5714285714287, 392.8571428571429]",1316,2792,Lower Left
train_619.png,"[1368.142857142857, 419.57142857142844, 845.7142857142856, 357.1428571428571]",1316,2772,Upper Left
train_619.png,"[528.1428571428571, 390.9999999999999, 842.8571428571427, 388.57142857142856]",1316,2772,Upper Right
train_619.png,"[1376.7142857142856, 636.7142857142856, 928.5714285714287, 457.1428571428571]",1316,2772,Lower Left
train_619.png,"[428.1428571428571, 602.4285714285713, 954.2857142857142, 500.0]",1316,2772,Lower Right
train_678.png,"[852.5555555555555, 427.4074074074074, 646.2962962962962, 325.92592592592587]",1316,2931,Upper Right
train_678.png,"[1480.3333333333333, 425.55555555555554, 590.7407407407406, 333.33333333333326]",1316,2931,Upper Left
train_678.png,"[898.8518518518518, 734.8148148148148, 592.5925925925925, 325.92592592592587]",1316,2931,Lower Right
train_678.png,"[1482.185185185185, 738.5185185185185, 596.2962962962963, 324.07407407407413]",1316,2931,Lower Left
train_268.png,"[754.7647058823529, 396.82352941176464, 670.5882352941176, 402.9411764705883]",1316,2812,Upper Right
train_268.png,"[1413.5882352941176, 382.1176470588234, 679.4117647058824, 400.0]",1316,2812,Upper Left
train_268.png,"[1410.6470588235293, 740.9411764705881, 717.6470588235293, 382.3529411764707]",1316,2812,Lower Left
train_268.png,"[690.0588235294117, 764.4705882352941, 735.2941176470588, 373.52941176470586]",1316,2812,Lower Right
train_182.png,"[1473.7924528301885, 445.4528301886792, 866.0377358490566, 375.4716981132076]",1316,2968,Upper Left
train_182.png,"[658.6981132075472, 409.60377358490564, 835.8490566037734, 400.0]",1316,2968,Upper Right
train_182.png,"[1454.9245283018868, 675.6415094339623, 977.3584905660377, 518.8679245283017]",1316,2968,Lower Left
train_182.png,"[583.2264150943396, 675.6415094339623, 896.2264150943396, 533.9622641509434]",1316,2968,Lower Right
train_302.png,"[1447.8333333333335, 384.91666666666674, 752.0833333333335, 408.33333333333326]",1316,2989,Upper Left
train_302.png,"[810.3333333333334, 472.41666666666674, 650.0000000000001, 337.5]",1316,2989,Upper Right
train_302.png,"[1479.0833333333335, 624.5, 858.3333333333335, 477.0833333333335]",1316,2989,Lower Left
train_302.png,"[679.0833333333334, 632.8333333333335, 800.0000000000001, 472.9166666666665]",1316,2989,Lower Right
train_426.png,"[540.5, 195.25, 426.25, 358.75]",976,1976,Upper Right
train_426.png,"[958.0, 209.0, 421.25, 346.25]",976,1976,Upper Left
train_426.png,"[964.25, 392.75, 436.25, 391.25]",976,1976,Lower Left
train_426.png,"[485.5, 420.25, 503.75, 368.75]",976,1976,Lower Right
train_661.png,"[1346.7142857142856, 473.85714285714266, 777.1428571428571, 351.42857142857156]",1316,2752,Upper Left
train_661.png,"[666.7142857142857, 473.85714285714266, 717.142857142857, 348.57142857142867]",1316,2752,Upper Right
train_661.png,"[1355.2857142857142, 676.7142857142856, 860.0, 468.57142857142867]",1316,2752,Lower Left
train_661.png,"[478.1428571428571, 668.1428571428571, 917.1428571428571, 497.1428571428571]",1316,2752,Lower Right
train_70.png,"[1437.6666666666665, 357.21212121212113, 839.3939393939395, 351.5151515151516]",1316,2878,Upper Left
train_70.png,"[595.2424242424242, 354.18181818181813, 848.4848484848485, 354.5454545454546]",1316,2878,Upper Right
train_70.png,"[1425.5454545454545, 639.030303030303, 857.5757575757575, 433.33333333333326]",1316,2878,Lower Left
train_70.png,"[546.7575757575758, 593.5757575757575, 881.8181818181818, 490.909090909091]",1316,2878,Lower Right
train_345.png,"[575.1212121212121, 203.4848484848485, 839.3939393939394, 509.090909090909]",1316,2838,Upper Right
train_345.png,"[1405.4242424242423, 230.75757575757575, 845.4545454545457, 481.81818181818176]",1316,2838,Upper Left
train_345.png,"[1417.5454545454545, 591.3636363636363, 918.181818181818, 542.4242424242425]",1316,2838,Lower Left
train_345.png,"[508.4545454545454, 600.4545454545455, 930.3030303030304, 539.3939393939393]",1316,2838,Lower Right
train_47.png,"[1409.7142857142856, 193.85714285714278, 739.9999999999998, 482.8571428571428]",1316,2759,Upper Left
train_47.png,"[621.1428571428571, 196.71428571428567, 808.5714285714284, 485.71428571428567]",1316,2759,Upper Right
train_47.png,"[1363.9999999999998, 456.71428571428555, 917.1428571428571, 628.5714285714287]",1316,2759,Lower Left
train_47.png,"[478.2857142857142, 382.42857142857133, 917.1428571428571, 711.4285714285713]",1316,2759,Lower Right
train_15.png,"[1383.2105263157894, 328.28070175438586, 1043.859649122807, 428.0701754385965]",1316,2781,Upper Left
train_15.png,"[560.4035087719298, 201.9649122807017, 896.4912280701755, 538.5964912280701]",1316,2781,Upper Right
train_15.png,"[1402.5087719298244, 668.6315789473683, 878.9473684210525, 487.719298245614]",1316,2781,Lower Left
train_15.png,"[520.0526315789473, 603.7192982456139, 905.2631578947369, 621.0526315789474]",1316,2781,Lower Right
train_279.png,"[797.3571428571428, 376.0, 657.142857142857, 408.92857142857133]",1316,2817,Upper Right
train_279.png,"[1443.7857142857142, 372.42857142857133, 653.5714285714284, 414.28571428571433]",1316,2817,Upper Left
train_279.png,"[518.7857142857142, 681.3571428571428, 935.7142857142856, 416.07142857142856]",1316,2817,Lower Right
train_279.png,"[1438.4285714285713, 754.5714285714284, 703.5714285714287, 326.7857142857142]",1316,2817,Lower Left
train_201.png,"[1348.9999999999998, 413.8571428571428, 797.1428571428571, 342.8571428571428]",1316,2768,Upper Left
train_201.png,"[617.5714285714286, 382.42857142857133, 759.9999999999999, 388.57142857142844]",1316,2768,Upper Right
train_201.png,"[1354.7142857142856, 625.2857142857142, 868.5714285714287, 511.42857142857133]",1316,2768,Lower Left
train_201.png,"[591.8571428571428, 553.8571428571427, 777.142857142857, 588.5714285714287]",1316,2768,Lower Right
train_269.png,"[1434.9310344827588, 505.1379310344828, 731.0344827586207, 360.344827586207]",1316,2729,Upper Left
train_269.png,"[621.1379310344828, 408.58620689655174, 818.9655172413793, 396.55172413793105]",1316,2729,Upper Right
train_269.png,"[1381.4827586206898, 810.3103448275863, 884.4827586206898, 422.41379310344837]",1316,2729,Lower Left
train_269.png,"[507.3448275862069, 756.8620689655173, 881.0344827586207, 379.31034482758616]",1316,2729,Lower Right
train_131.png,"[1434.1020408163265, 281.9591836734694, 667.3469387755101, 442.8571428571429]",1316,2931,Upper Left
train_131.png,"[844.3061224489796, 316.65306122448976, 604.0816326530613, 414.28571428571433]",1316,2931,Upper Right
train_131.png,"[1462.6734693877552, 484.0, 861.2244897959185, 614.2857142857142]",1316,2931,Lower Left
train_131.png,"[601.4489795918367, 530.9387755102041, 902.0408163265307, 575.5102040816328]",1316,2931,Lower Right
train_43.png,"[1476.8181818181818, 411.4545454545454, 743.6363636363637, 312.72727272727275]",1316,2874,Upper Left
train_43.png,"[595.0, 355.090909090909, 883.6363636363635, 349.0909090909091]",1316,2874,Upper Right
train_43.png,"[578.6363636363636, 675.090909090909, 885.4545454545454, 369.090909090909]",1316,2874,Lower Right
train_43.png,"[1464.090909090909, 682.3636363636363, 856.363636363636, 350.909090909091]",1316,2874,Lower Left
train_230.png,"[1429.943396226415, 402.0566037735849, 743.3962264150944, 350.9433962264151]",1316,2951,Upper Left
train_230.png,"[720.5094339622641, 349.2264150943396, 737.7358490566038, 384.90566037735846]",1316,2951,Upper Right
train_230.png,"[1428.0566037735848, 620.9245283018868, 849.0566037735848, 452.83018867924534]",1316,2951,Lower Left
train_230.png,"[616.7358490566038, 664.3207547169811, 830.188679245283, 522.6415094339623]",1316,2951,Lower Right
train_653.png,"[1409.4117647058822, 251.47058823529403, 785.2941176470588, 397.0588235294118]",1316,2832,Upper Left
train_653.png,"[632.9411764705882, 254.41176470588232, 791.1764705882352, 399.9999999999999]",1316,2832,Upper Right
train_653.png,"[1394.705882352941, 507.3529411764705, 850.0, 523.5294117647059]",1316,2832,Lower Left
train_653.png,"[582.9411764705882, 457.3529411764705, 844.1176470588235, 591.1764705882354]",1316,2832,Lower Right
train_189.png,"[1333.509433962264, 408.39622641509425, 758.490566037736, 339.62264150943395]",1316,2717,Upper Left
train_189.png,"[612.754716981132, 412.16981132075466, 733.9622641509435, 386.7924528301887]",1316,2717,Upper Right
train_189.png,"[1339.1698113207547, 702.7358490566037, 781.1320754716983, 343.39622641509436]",1316,2717,Lower Left
train_189.png,"[559.9245283018868, 719.7169811320755, 784.9056603773583, 366.0377358490566]",1316,2717,Lower Right
train_75.png,"[1374.9473684210525, 312.4912280701754, 850.8771929824561, 429.82456140350877]",1316,2776,Upper Left
train_75.png,"[632.8421052631578, 328.28070175438586, 757.8947368421051, 408.7719298245614]",1316,2776,Upper Right
train_75.png,"[1387.2280701754385, 579.157894736842, 987.719298245614, 531.5789473684212]",1316,2776,Lower Left
train_75.png,"[576.7017543859648, 651.0877192982455, 835.0877192982456, 459.64912280701765]",1316,2776,Lower Right
train_580.png,"[1398.6470588235293, 301.47058823529403, 708.8235294117649, 470.5882352941177]",1316,2834,Upper Left
train_580.png,"[675.1176470588235, 274.9999999999999, 767.6470588235294, 502.9411764705882]",1316,2834,Upper Right
train_580.png,"[1401.5882352941176, 598.5294117647059, 850.0, 520.5882352941176]",1316,2834,Lower Left
train_580.png,"[519.2352941176471, 519.1176470588234, 894.1176470588234, 623.5294117647059]",1316,2834,Lower Right
train_684.png,"[1471.9999999999998, 478.18181818181813, 870.9090909090908, 425.4545454545454]",1504,2868,Upper Left
train_684.png,"[632.8125, 390.625, 846.833517699115, 513.7997787610618]",1504,2868,Upper Right
train_684.png,"[1492.4242424242423, 824.2424242424242, 1007.5757575757577, 421.21212121212125]",1504,2868,Lower Left
train_684.png,"[659.9999999999999, 819.9999999999999, 840.0000000000001, 424.9664429530202]",1504,2868,Lower Right
train_32.png,"[1507.1666666666667, 407.83333333333337, 618.7500000000002, 425.0000000000001]",1316,2990,Upper Left
train_32.png,"[894.6666666666667, 430.75, 616.6666666666667, 402.0833333333335]",1316,2990,Upper Right
train_32.png,"[1500.9166666666667, 649.5, 762.5000000000002, 462.5]",1316,2990,Lower Left
train_32.png,"[784.25, 639.0833333333335, 722.9166666666667, 472.9166666666665]",1316,2990,Lower Right
train_316.png,"[1480.4528301886792, 441.6792452830189, 794.3396226415095, 333.9622641509434]",1316,2970,Upper Left
train_316.png,"[895.5471698113207, 439.7924528301886, 598.1132075471697, 371.6981132075472]",1316,2970,Upper Right
train_316.png,"[1486.1132075471696, 751.1132075471697, 767.9245283018868, 390.56603773584914]",1316,2970,Lower Left
train_316.png,"[838.9433962264151, 747.3396226415094, 664.1509433962264, 398.11320754716974]",1316,2970,Lower Right
train_175.png,"[962.0, 267.75, 562.5, 300.0]",976,1976,Upper Left
train_175.png,"[304.5, 249.0, 665.0, 312.5]",976,1976,Upper Right
train_175.png,"[305.75, 445.25, 697.5, 343.75]",976,1976,Lower Right
train_175.png,"[977.0, 446.5, 572.5, 352.5]",976,1976,Lower Left
train_550.png,"[742.0588235294117, 288.0, 650.0, 432.3529411764705]",1316,2816,Upper Right
train_550.png,"[1380.2941176470588, 282.11764705882354, 779.4117647058822, 444.11764705882354]",1316,2816,Upper Left
train_550.png,"[1400.8823529411764, 593.8823529411764, 832.3529411764705, 461.7647058823529]",1316,2816,Lower Left
train_550.png,"[689.1176470588235, 570.3529411764705, 773.5294117647057, 491.17647058823536]",1316,2816,Lower Right
train_21.png,"[976.3584905660376, 330.35849056603774, 513.2075471698114, 456.60377358490564]",1316,2992,Upper Right
train_21.png,"[1476.3584905660377, 377.5283018867924, 556.6037735849056, 409.433962264151]",1316,2992,Upper Left
train_21.png,"[899.0, 639.7924528301886, 588.6792452830189, 473.58490566037733]",1316,2992,Lower Right
train_21.png,"[1480.132075471698, 603.9433962264151, 760.3773584905662, 513.2075471698112]",1316,2992,Lower Left
train_165.png,"[957.0, 195.25, 528.75, 378.75]",976,1976,Upper Left
train_165.png,"[364.5, 140.25, 618.75, 427.5]",976,1976,Upper Right
train_165.png,"[969.5, 379.0, 597.5, 453.75]",976,1976,Lower Left
train_165.png,"[358.25, 346.5, 618.75, 490.0]",976,1976,Lower Right
train_333.png,"[1455.111111111111, 260.7407407407407, 718.5185185185185, 525.9259259259259]",1316,2926,Upper Left
train_333.png,"[773.6296296296296, 310.74074074074076, 687.037037037037, 479.62962962962956]",1316,2926,Upper Right
train_333.png,"[1445.3125, 529.6875, 857.8125, 579.6875]",1316,2926,Lower Left
train_333.png,"[639.0625, 568.75, 814.0625, 600.0]",1316,2926,Lower Right
train_419.png,"[1455.2857142857142, 468.8571428571428, 828.5714285714284, 341.07142857142856]",1316,2814,Upper Left
train_419.png,"[758.8571428571428, 429.57142857142856, 708.9285714285714, 382.1428571428571]",1316,2814,Upper Right
train_419.png,"[1458.8571428571427, 722.4285714285713, 894.6428571428573, 487.5]",1316,2814,Lower Left
train_419.png,"[676.7142857142857, 717.0714285714284, 835.7142857142857, 505.3571428571429]",1316,2814,Lower Right
train_537.png,"[1515.6363636363635, 389.09090909090907, 1018.181818181818, 452.7272727272727]",1504,2868,Upper Left
train_537.png,"[441.09090909090907, 390.9090909090909, 1098.1818181818182, 449.090909090909]",1504,2868,Upper Right
train_537.png,"[1486.5454545454545, 779.9999999999999, 1098.181818181818, 469.0909090909091]",1504,2868,Lower Left
train_537.png,"[481.09090909090907, 779.9999999999999, 1012.7272727272727, 518.1818181818181]",1504,2868,Lower Right
train_63.png,"[1472.9259259259259, 401.4814814814814, 590.7407407407406, 366.66666666666663]",1316,2931,Upper Left
train_63.png,"[837.7407407407406, 366.2962962962963, 664.8148148148148, 401.85185185185173]",1316,2931,Upper Right
train_63.png,"[1484.037037037037, 662.5925925925925, 779.6296296296296, 468.5185185185186]",1316,2931,Lower Left
train_63.png,"[741.4444444444443, 668.148148148148, 764.8148148148148, 479.62962962962956]",1316,2931,Lower Right
train_574.png,"[1469.6326530612246, 355.42857142857144, 800.0, 377.55102040816325]",1316,2932,Upper Left
train_574.png,"[673.7142857142858, 353.38775510204084, 800.0, 389.79591836734687]",1316,2932,Upper Right
train_574.png,"[1443.1020408163265, 639.1020408163265, 887.7551020408166, 483.6734693877552]",1316,2932,Lower Left
train_574.png,"[649.2244897959184, 673.795918367347, 812.2448979591837, 438.7755102040817]",1316,2932,Lower Right
train_55.png,"[694.3939393939394, 473.18181818181813, 712.1212121212121, 321.21212121212113]",1316,2822,Upper Right
train_55.png,"[1406.5151515151515, 458.030303030303, 718.181818181818, 333.33333333333326]",1316,2822,Upper Left
train_55.png,"[1388.3333333333333, 770.151515151515, 796.9696969696968, 351.5151515151515]",1316,2822,Lower Left
train_55.png,"[612.5757575757575, 700.4545454545455, 781.8181818181818, 427.27272727272725]",1316,2822,Lower Right
train_307.png,"[1310.0, 329.33333333333337, 675.0, 461.1111111111112]",1316,2682,Upper Left
train_307.png,"[665.5555555555555, 396.0, 650.0000000000001, 400.0]",1316,2682,Upper Right
train_307.png,"[1323.888888888889, 607.1111111111111, 822.2222222222224, 494.44444444444457]",1316,2682,Lower Left
train_307.png,"[587.7777777777778, 634.8888888888889, 747.2222222222222, 472.2222222222222]",1316,2682,Lower Right
train_278.png,"[636.4242424242424, 285.30303030303025, 751.5151515151514, 409.090909090909]",1316,2900,Upper Right
train_278.png,"[1366.7272727272727, 276.21212121212113, 827.2727272727273, 412.1212121212121]",1316,2900,Upper Left
train_278.png,"[1390.969696969697, 603.4848484848485, 878.7878787878785, 445.45454545454527]",1316,2900,Lower Left
train_278.png,"[603.090909090909, 567.1212121212121, 793.939393939394, 487.8787878787879]",1316,2900,Lower Right
train_418.png,"[745.6363636363636, 451.9696969696969, 687.8787878787879, 393.9393939393939]",1316,2875,Upper Right
train_418.png,"[1427.4545454545455, 461.060606060606, 718.181818181818, 372.72727272727275]",1316,2875,Upper Left
train_418.png,"[1409.2727272727273, 733.7878787878788, 845.4545454545453, 439.39393939393926]",1316,2875,Lower Left
train_418.png,"[654.7272727272727, 755.0, 784.8484848484848, 430.30303030303025]",1316,2875,Lower Right
train_380.png,"[1402.7857142857142, 433.1428571428571, 746.4285714285711, 439.2857142857142]",1316,2785,Upper Left
train_380.png,"[679.5714285714286, 368.8571428571428, 766.0714285714286, 491.07142857142856]",1316,2785,Upper Right
train_380.png,"[1402.7857142857142, 645.6428571428571, 889.2857142857142, 494.6428571428571]",1316,2785,Lower Left
train_380.png,"[497.42857142857133, 656.3571428571428, 910.7142857142858, 533.9285714285714]",1316,2785,Lower Right
train_633.png,"[1524.2727272727273, 299.6363636363636, 675.7575757575758, 545.4545454545454]",1316,2954,Upper Left
train_633.png,"[809.1212121212121, 342.060606060606, 730.3030303030301, 503.030303030303]",1316,2954,Upper Right
train_633.png,"[1490.9393939393938, 520.8484848484848, 842.4242424242423, 603.030303030303]",1316,2954,Lower Left
train_633.png,"[700.030303030303, 448.121212121212, 812.121212121212, 678.7878787878788]",1316,2954,Lower Right
train_491.png,"[1501.090909090909, 354.5454545454545, 1110.909090909091, 520.0]",1504,2868,Upper Left
train_491.png,"[499.27272727272725, 332.7272727272727, 1009.090909090909, 556.3636363636363]",1504,2868,Upper Right
train_491.png,"[1495.6363636363635, 745.4545454545454, 1210.909090909091, 570.9090909090909]",1504,2868,Lower Left
train_491.png,"[459.27272727272725, 725.4545454545454, 1034.5454545454545, 636.3636363636364]",1504,2868,Lower Right
train_354.png,"[808.5185185185185, 505.1851851851851, 670.3703703703702, 307.4074074074075]",1316,2918,Upper Right
train_354.png,"[1473.3333333333333, 468.14814814814815, 611.1111111111111, 346.2962962962962]",1316,2918,Upper Left
train_354.png,"[832.5925925925925, 769.9999999999999, 605.5555555555555, 374.074074074074]",1316,2918,Lower Right
train_354.png,"[1438.148148148148, 779.2592592592592, 707.4074074074072, 364.81481481481467]",1316,2918,Lower Left
train_520.png,"[707.9090909090909, 196.5454545454545, 779.9999999999999, 514.5454545454545]",1316,2904,Upper Right
train_520.png,"[1473.3636363636363, 209.27272727272725, 738.1818181818182, 509.090909090909]",1316,2904,Upper Left
train_520.png,"[1466.090909090909, 549.2727272727273, 843.6363636363635, 580.0]",1316,2904,Lower Left
train_520.png,"[657.0, 536.5454545454545, 810.9090909090908, 598.181818181818]",1316,2904,Lower Right
train_163.png,"[700.4999999999999, 412.57142857142856, 719.6428571428572, 362.4999999999999]",1316,2834,Upper Right
train_163.png,"[1414.7857142857142, 405.42857142857133, 728.5714285714284, 369.6428571428571]",1316,2834,Upper Left
train_163.png,"[1409.4285714285713, 683.9999999999999, 846.4285714285713, 423.21428571428567]",1316,2834,Lower Left
train_163.png,"[609.4285714285713, 666.1428571428571, 807.1428571428571, 439.2857142857142]",1316,2834,Lower Right
train_242.png,"[1505.0943396226414, 271.86792452830184, 769.8113207547169, 481.13207547169816]",1316,2974,Upper Left
train_242.png,"[791.8867924528302, 243.56603773584902, 730.1886792452831, 515.0943396226415]",1316,2974,Upper Right
train_242.png,"[623.9622641509434, 577.5283018867924, 881.132075471698, 505.66037735849045]",1316,2974,Lower Right
train_242.png,"[1491.8867924528302, 566.2075471698113, 824.5283018867924, 516.9811320754716]",1316,2974,Lower Left
train_36.png,"[1488.3265306122448, 351.34693877551024, 661.2244897959185, 332.65306122448976]",1316,2917,Upper Left
train_36.png,"[851.5918367346939, 306.44897959183675, 667.3469387755102, 379.59183673469386]",1316,2917,Upper Right
train_36.png,"[1480.1632653061224, 590.1224489795918, 767.3469387755104, 448.9795918367347]",1316,2917,Lower Left
train_36.png,"[702.6122448979592, 514.6122448979592, 777.5510204081633, 526.530612244898]",1316,2917,Lower Right
train_186.png,"[1348.7142857142856, 342.07142857142856, 919.6428571428571, 460.71428571428567]",1316,2809,Upper Left
train_186.png,"[584.4285714285713, 358.1428571428571, 789.2857142857142, 444.6428571428571]",1316,2809,Upper Right
train_186.png,"[1400.4999999999998, 683.1428571428571, 821.4285714285713, 517.8571428571427]",1316,2809,Lower Left
train_186.png,"[607.6428571428571, 652.7857142857142, 816.0714285714284, 573.2142857142856]",1316,2809,Lower Right
train_397.png,"[605.1111111111111, 377.55555555555554, 755.5555555555557, 405.55555555555554]",1316,2657,Upper Right
train_397.png,"[1346.7777777777778, 388.66666666666674, 727.7777777777778, 411.1111111111111]",1316,2657,Upper Left
train_397.png,"[1349.5555555555557, 655.3333333333334, 805.5555555555557, 477.7777777777777]",1316,2657,Lower Left
train_397.png,"[519.0, 694.2222222222222, 844.4444444444446, 444.44444444444457]",1316,2657,Lower Right
train_508.png,"[639.6363636363636, 289.27272727272725, 796.3636363636361, 450.9090909090909]",1316,2862,Upper Right
train_508.png,"[1428.7272727272725, 309.27272727272725, 776.3636363636365, 427.27272727272725]",1316,2862,Upper Left
train_508.png,"[1408.7272727272725, 645.6363636363635, 801.818181818182, 494.5454545454545]",1316,2862,Lower Left
train_508.png,"[590.5454545454545, 600.1818181818181, 838.181818181818, 509.0909090909091]",1316,2862,Lower Right
train_522.png,"[691.7272727272726, 376.5454545454545, 741.8181818181819, 436.36363636363626]",1316,2867,Upper Right
train_522.png,"[1422.6363636363635, 407.4545454545454, 730.909090909091, 412.72727272727263]",1316,2867,Upper Left
train_522.png,"[1417.181818181818, 678.3636363636363, 767.2727272727275, 458.18181818181824]",1316,2867,Lower Left
train_522.png,"[617.1818181818181, 612.9090909090909, 803.6363636363636, 529.0909090909091]",1316,2867,Lower Right
train_384.png,"[1377.142857142857, 422.42857142857133, 717.1428571428571, 362.8571428571429]",1316,2750,Upper Left
train_384.png,"[628.5714285714286, 402.42857142857133, 751.4285714285712, 377.1428571428571]",1316,2750,Upper Right
train_384.png,"[1371.4285714285713, 688.1428571428571, 799.9999999999998, 402.85714285714266]",1316,2750,Lower Left
train_384.png,"[579.9999999999999, 639.5714285714284, 799.9999999999999, 500.0]",1316,2750,Lower Right
train_569.png,"[438.0, 262.75, 527.5, 283.75]",976,1976,Upper Right
train_569.png,"[951.75, 269.0, 478.75, 280.0]",976,1976,Upper Left
train_569.png,"[966.75, 491.5, 485.0, 303.75]",976,1976,Lower Left
train_569.png,"[444.25, 481.5, 522.5, 316.25]",976,1976,Lower Right
train_553.png,"[1383.2727272727273, 262.3636363636363, 954.5454545454543, 430.90909090909093]",1316,2876,Upper Left
train_553.png,"[506.9090909090909, 256.9090909090909, 901.8181818181816, 470.9090909090909]",1316,2876,Upper Right
train_553.png,"[1421.4545454545453, 625.9999999999999, 989.0909090909092, 461.81818181818187]",1316,2876,Lower Left
train_553.png,"[526.3939393939394, 637.5151515151516, 898.0909090909091, 396.5151515151514]",1316,2876,Lower Right
train_140.png,"[1446.3703703703702, 305.1851851851851, 725.9259259259259, 340.74074074074076]",1316,2890,Upper Left
train_140.png,"[1453.7777777777776, 542.2222222222222, 825.9259259259259, 490.74074074074065]",1316,2890,Lower Left
train_140.png,"[664.8888888888888, 284.8148148148148, 788.8888888888888, 361.1111111111111]",1316,2890,Upper Right
train_140.png,"[590.8148148148148, 555.1851851851851, 872.2222222222222, 499.9999999999999]",1316,2890,Lower Right
train_449.png,"[498.0, 304.0, 471.25, 237.5]",976,1976,Upper Right
train_449.png,"[959.25, 309.0, 410.0, 240.0]",976,1976,Upper Left
train_449.png,"[963.0, 524.0, 421.25, 236.25]",976,1976,Lower Left
train_449.png,"[458.0, 474.0, 505.0, 278.75]",976,1976,Lower Right
train_547.png,"[617.1176470588235, 314.47058823529403, 797.0588235294116, 447.0588235294118]",1316,2771,Upper Right
train_547.png,"[1405.3529411764705, 317.4117647058823, 799.9999999999998, 405.88235294117646]",1316,2771,Upper Left
train_547.png,"[1414.1764705882351, 726.2352941176471, 770.5882352941176, 405.88235294117635]",1316,2771,Lower Left
train_547.png,"[664.1764705882352, 723.2941176470588, 752.9411764705882, 417.6470588235293]",1316,2771,Lower Right
train_284.png,"[1482.75, 306.5, 643.75, 428.125]",1316,2955,Upper Left
train_284.png,"[832.75, 319.0, 659.375, 425.0]",1316,2955,Upper Right
train_284.png,"[1489.0, 540.875, 687.5, 531.25]",1316,2955,Lower Left
train_284.png,"[776.5, 594.0, 743.75, 481.25]",1316,2955,Lower Right
train_222.png,"[1462.9090909090908, 521.8181818181818, 998.1818181818182, 414.5454545454545]",1504,2868,Upper Left
train_222.png,"[515.6363636363636, 472.72727272727263, 963.6363636363636, 472.72727272727263]",1504,2868,Upper Right
train_222.png,"[475.63636363636357, 809.090909090909, 996.3636363636363, 538.1818181818182]",1504,2868,Lower Right
train_222.png,"[1450.181818181818, 798.1818181818181, 1025.4545454545455, 563.6363636363636]",1504,2868,Lower Left
train_671.png,"[1446.625, 375.25, 837.5, 321.875]",1316,2964,Upper Left
train_671.png,"[684.125, 384.625, 778.125, 328.125]",1316,2964,Upper Right
train_671.png,"[1477.875, 594.0, 900.0, 459.375]",1316,2964,Lower Left
train_671.png,"[540.375, 637.75, 956.25, 443.75]",1316,2964,Lower Right
train_60.png,"[1379.5714285714284, 377.7857142857142, 742.8571428571427, 400.0]",1316,2785,Upper Left
train_60.png,"[734.9285714285713, 384.92857142857133, 676.7857142857142, 391.07142857142856]",1316,2785,Upper Right
train_60.png,"[1406.3571428571427, 700.9999999999999, 730.3571428571427, 435.71428571428567]",1316,2785,Lower Left
train_60.png,"[674.2142857142857, 649.2142857142857, 733.9285714285714, 489.2857142857141]",1316,2785,Lower Right
train_114.png,"[691.7037037037037, 147.22222222222217, 790.7407407407406, 490.74074074074076]",1316,2940,Upper Right
train_114.png,"[1471.3333333333333, 174.99999999999994, 796.2962962962963, 462.962962962963]",1316,2940,Upper Left
train_114.png,"[1454.6666666666665, 500.92592592592587, 870.3703703703704, 511.1111111111111]",1316,2940,Lower Left
train_114.png,"[638.0, 463.8888888888888, 818.5185185185185, 566.6666666666666]",1316,2940,Lower Right
train_318.png,"[493.25, 234.16666666666669, 475.0, 327.0833333333333]",976,1976,Upper Right
train_318.png,"[962.0, 250.83333333333337, 443.75, 308.33333333333337]",976,1976,Upper Left
train_318.png,"[968.25, 519.5833333333334, 541.6666666666667, 310.41666666666663]",976,1976,Lower Left
train_318.png,"[414.08333333333337, 515.4166666666667, 570.8333333333334, 316.66666666666674]",976,1976,Lower Right
train_395.png,"[1436.181818181818, 140.5454545454545, 792.7272727272725, 532.7272727272727]",1316,2880,Upper Left
train_395.png,"[614.3636363636363, 187.8181818181818, 870.909090909091, 487.2727272727272]",1316,2880,Upper Right
train_395.png,"[1432.5454545454545, 518.7272727272726, 925.4545454545455, 532.7272727272726]",1316,2880,Lower Left
train_395.png,"[658.0, 542.3636363636363, 785.4545454545453, 510.909090909091]",1316,2880,Lower Right
train_357.png,"[1376.111111111111, 296.0, 783.3333333333333, 413.8888888888889]",1316,2692,Upper Left
train_357.png,"[598.3333333333334, 337.66666666666674, 783.3333333333334, 400.0]",1316,2692,Upper Right
train_357.png,"[1328.888888888889, 590.4444444444446, 963.8888888888889, 508.33333333333326]",1316,2692,Lower Left
train_357.png,"[465.0, 587.6666666666667, 919.4444444444446, 522.2222222222222]",1316,2692,Lower Right
train_567.png,"[719.5882352941176, 423.0588235294117, 700.0, 388.2352941176471]",1316,2805,Upper Right
train_567.png,"[1419.5882352941176, 434.82352941176464, 641.1764705882351, 370.58823529411757]",1316,2805,Upper Left
train_567.png,"[1372.5294117647059, 699.5294117647059, 800.0, 476.4705882352939]",1316,2805,Lower Left
train_567.png,"[610.7647058823529, 687.7647058823529, 779.4117647058822, 432.3529411764705]",1316,2805,Lower Right
train_399.png,"[1457.9629629629628, 445.92592592592587, 729.6296296296298, 327.7777777777777]",1316,2927,Upper Left
train_399.png,"[735.7407407407406, 310.74074074074076, 729.6296296296296, 475.92592592592587]",1316,2927,Upper Right
train_399.png,"[1461.6666666666665, 573.7037037037037, 962.962962962963, 566.6666666666665]",1316,2927,Lower Left
train_399.png,"[589.4444444444445, 607.037037037037, 872.2222222222221, 583.3333333333333]",1316,2927,Lower Right
train_390.png,"[1448.698113207547, 256.77358490566036, 766.0377358490564, 396.22641509433964]",1316,2947,Upper Left
train_390.png,"[712.8490566037735, 256.77358490566036, 750.943396226415, 398.1132075471698]",1316,2947,Upper Right
train_390.png,"[1443.0377358490566, 515.2641509433962, 890.5660377358488, 467.92452830188665]",1316,2947,Lower Left
train_390.png,"[593.9811320754717, 475.64150943396226, 888.6792452830188, 530.1886792452829]",1316,2947,Lower Right
train_490.png,"[1385.1176470588234, 286.7647058823529, 826.4705882352941, 361.7647058823529]",1316,2854,Upper Left
train_490.png,"[635.1176470588235, 298.52941176470586, 761.7647058823528, 338.2352941176471]",1316,2854,Upper Right
train_490.png,"[1391.0, 519.1176470588234, 905.8823529411761, 523.5294117647059]",1316,2854,Lower Left
train_490.png,"[549.8235294117646, 530.8823529411764, 847.0588235294117, 500.0]",1316,2854,Lower Right
train_642.png,"[1409.2352941176468, 369.1176470588234, 879.4117647058824, 329.41176470588243]",1316,2814,Upper Left
train_642.png,"[635.7058823529411, 374.9999999999999, 788.235294117647, 323.52941176470597]",1316,2814,Upper Right
train_642.png,"[1409.2352941176468, 592.6470588235293, 917.6470588235293, 473.52941176470586]",1316,2814,Lower Left
train_642.png,"[500.4117647058823, 636.7647058823529, 914.7058823529411, 444.1176470588234]",1316,2814,Lower Right
train_587.png,"[1459.4059405940593, 359.4059405940594, 697.029702970297, 440.5940594059406]",1316,2938,Upper Left
train_587.png,"[836.0, 377.3333333333333, 623.3548387096773, 422.6666666666667]",1316,2938,Upper Right
train_587.png,"[688.0597014925373, 690.8358208955224, 782.6069651741294, 489.1641791044776]",1316,2938,Lower Right
train_587.png,"[1452.3809523809523, 682.7058823529411, 769.6778711484594, 496.93329290479085]",1316,2938,Lower Left
train_53.png,"[720.5454545454545, 245.63636363636357, 725.4545454545453, 379.99999999999994]",1316,2881,Upper Right
train_53.png,"[1431.4545454545453, 256.5454545454545, 698.1818181818182, 370.9090909090909]",1316,2881,Upper Left
train_53.png,"[1418.7272727272725, 487.4545454545454, 814.5454545454545, 499.9999999999999]",1316,2881,Lower Left
train_53.png,"[640.5454545454545, 494.72727272727263, 787.2727272727273, 509.0909090909091]",1316,2881,Lower Right
train_427.png,"[1479.0188679245282, 394.5094339622641, 532.0754716981132, 426.41509433962267]",1316,2985,Upper Left
train_427.png,"[943.1698113207547, 441.6792452830189, 545.2830188679245, 379.2452830188679]",1316,2985,Upper Right
train_427.png,"[1509.2075471698113, 624.6981132075472, 673.5849056603774, 484.90566037735846]",1316,2985,Lower Left
train_427.png,"[786.566037735849, 675.6415094339623, 743.3962264150944, 428.3018867924527]",1316,2985,Lower Right
train_641.png,"[1470.4693877551022, 337.0612244897959, 669.387755102041, 377.55102040816337]",1316,2950,Upper Left
train_641.png,"[852.1020408163265, 339.1020408163265, 632.6530612244899, 395.9183673469388]",1316,2950,Upper Right
train_641.png,"[1474.5510204081634, 565.6326530612245, 814.2857142857142, 520.4081632653061]",1316,2950,Lower Left
train_641.png,"[845.9795918367347, 679.9183673469388, 695.9183673469388, 416.3265306122448]",1316,2950,Lower Right
train_667.png,"[1484.126984126984, 441.57142857142856, 693.6507936507937, 361.9047619047619]",1316,2981,Upper Left
train_667.png,"[768.2539682539682, 416.1746031746032, 739.6825396825398, 396.8253968253968]",1316,2981,Upper Right
train_667.png,"[1471.4285714285713, 670.1428571428571, 885.714285714286, 473.015873015873]",1316,2981,Lower Left
train_667.png,"[715.8730158730159, 697.1269841269841, 761.9047619047619, 465.07936507936506]",1316,2981,Lower Right
train_139.png,"[1456.0, 337.0, 712.0, 348.0]",1316,2894,Upper Left
train_139.png,"[760.0, 371.0, 710.0, 316.0]",1316,2894,Upper Right
train_139.png,"[1442.0, 543.0, 808.0, 464.0]",1316,2894,Lower Left
train_139.png,"[620.0, 613.0, 832.0, 408.0]",1316,2894,Lower Right
train_256.png,"[1428.6363636363635, 273.27272727272725, 825.4545454545455, 507.27272727272725]",1316,2854,Upper Left
train_256.png,"[730.4545454545454, 267.81818181818176, 699.9999999999999, 514.5454545454545]",1316,2854,Upper Right
train_256.png,"[1423.181818181818, 573.2727272727273, 890.909090909091, 612.7272727272727]",1316,2854,Lower Left
train_256.png,"[586.8181818181818, 611.4545454545454, 885.4545454545455, 583.6363636363636]",1316,2854,Lower Right
train_42.png,"[1462.9090909090908, 487.27272727272725, 956.3636363636363, 454.5454545454545]",1504,2868,Upper Left
train_42.png,"[468.3636363636363, 429.090909090909, 1027.2727272727273, 520.0]",1504,2868,Upper Right
train_42.png,"[1506.5454545454545, 794.5454545454545, 1043.6363636363635, 520.0]",1504,2868,Lower Left
train_42.png,"[522.9090909090909, 838.1818181818181, 998.1818181818181, 532.7272727272726]",1504,2868,Lower Right
train_221.png,"[780.875, 436.625, 687.5, 356.25]",1316,2921,Upper Right
train_221.png,"[1459.0, 430.375, 721.875, 384.375]",1316,2921,Upper Left
train_221.png,"[1487.125, 774.125, 712.5, 356.25]",1316,2921,Lower Left
train_221.png,"[780.875, 742.875, 715.625, 371.875]",1316,2921,Lower Right
train_23.png,"[1379.764705882353, 392.6470588235294, 729.4117647058822, 344.11764705882354]",1316,2808,Upper Left
train_23.png,"[679.7647058823529, 448.52941176470586, 723.5294117647059, 300.0]",1316,2808,Upper Right
train_23.png,"[1409.1764705882351, 610.2941176470588, 741.1764705882351, 455.88235294117635]",1316,2808,Lower Left
train_23.png,"[620.9411764705882, 689.705882352941, 797.0588235294118, 382.3529411764707]",1316,2808,Lower Right
train_563.png,"[1425.8823529411764, 263.23529411764696, 717.6470588235295, 482.3529411764706]",1316,2812,Upper Left
train_563.png,"[708.235294117647, 277.9411764705882, 726.470588235294, 470.5882352941177]",1316,2812,Upper Right
train_563.png,"[1422.941176470588, 548.5294117647059, 850.0000000000002, 567.6470588235293]",1316,2812,Lower Left
train_563.png,"[622.9411764705882, 513.2352941176471, 814.7058823529411, 620.5882352941176]",1316,2812,Lower Right
train_97.png,"[1440.8823529411764, 413.2352941176471, 805.8823529411764, 385.2941176470588]",1316,2843,Upper Left
train_97.png,"[629.1176470588235, 410.2941176470588, 817.6470588235294, 364.7058823529412]",1316,2843,Upper Right
train_97.png,"[1446.764705882353, 725.0, 794.1176470588232, 444.1176470588234]",1316,2843,Lower Left
train_97.png,"[564.4117647058823, 727.9411764705881, 894.1176470588235, 444.11764705882365]",1316,2843,Lower Right
train_601.png,"[644.7272727272726, 587.2727272727273, 838.1818181818181, 360.0]",1504,2868,Upper Right
train_601.png,"[1464.7272727272725, 538.1818181818181, 838.181818181818, 409.0909090909091]",1504,2868,Upper Left
train_601.png,"[592.0, 847.2727272727271, 925.4545454545453, 478.18181818181813]",1504,2868,Lower Right
train_601.png,"[1511.9999999999998, 845.4545454545454, 918.1818181818182, 478.18181818181813]",1504,2868,Lower Left
train_197.png,"[1341.7142857142856, 476.71428571428555, 751.4285714285713, 294.2857142857142]",1316,2742,Upper Left
train_197.png,"[661.7142857142857, 468.1428571428571, 688.5714285714286, 302.85714285714266]",1316,2742,Upper Right
train_197.png,"[1355.9999999999998, 636.7142857142856, 802.8571428571429, 428.57142857142867]",1316,2742,Lower Left
train_197.png,"[587.4285714285713, 679.5714285714284, 771.4285714285713, 405.7142857142858]",1316,2742,Lower Right
train_275.png,"[1442.8571428571427, 353.71428571428567, 590.0, 407.1428571428571]",1316,2904,Upper Left
train_275.png,"[773.015873015873, 263.7936507936508, 679.4431433775696, 497.68175904241485]",1316,2904,Upper Right
train_275.png,"[1437.9629629629628, 682.051282051282, 741.5242165242164, 422.5783475783476]",1316,2904,Lower Left
train_275.png,"[698.7654320987654, 639.5061728395061, 755.1993256104856, 465.1193778212868]",1316,2904,Lower Right
train_422.png,"[453.0, 225.25, 492.5, 321.25]",976,1976,Upper Right
train_422.png,"[928.0, 191.5, 501.25, 357.5]",976,1976,Upper Left
train_422.png,"[945.5, 362.75, 552.5, 427.5]",976,1976,Lower Left
train_422.png,"[378.0, 421.5, 576.25, 381.25]",976,1976,Lower Right
train_378.png,"[1391.142857142857, 262.42857142857133, 757.1428571428571, 414.2857142857142]",1316,2738,Upper Left
train_378.png,"[608.2857142857142, 270.9999999999999, 820.0, 414.28571428571433]",1316,2738,Upper Right
train_378.png,"[1396.8571428571427, 588.1428571428571, 805.7142857142858, 494.2857142857142]",1316,2738,Lower Left
train_378.png,"[536.8571428571428, 599.5714285714284, 862.8571428571428, 497.1428571428571]",1316,2738,Lower Right
train_258.png,"[1417.2727272727273, 436.0, 721.2121212121212, 415.151515151515]",1316,2940,Upper Left
train_258.png,"[808.1818181818181, 466.30303030303025, 612.1212121212121, 393.939393939394]",1316,2940,Upper Right
train_258.png,"[1420.3030303030303, 660.2424242424242, 724.2424242424242, 478.78787878787875]",1316,2940,Lower Left
train_258.png,"[693.030303030303, 681.4545454545455, 745.4545454545455, 460.6060606060605]",1316,2940,Lower Right
train_616.png,"[676.2857142857142, 226.85714285714283, 741.0714285714284, 494.64285714285705]",1316,2832,Upper Right
train_616.png,"[1419.142857142857, 275.07142857142856, 721.4285714285713, 448.21428571428567]",1316,2832,Upper Left
train_616.png,"[1410.2142857142856, 564.3571428571428, 812.4999999999998, 548.2142857142857]",1316,2832,Lower Left
train_616.png,"[594.1428571428571, 507.21428571428567, 860.7142857142856, 610.7142857142857]",1316,2832,Lower Right
train_647.png,"[666.9393939393939, 412.5757575757575, 730.3030303030304, 378.78787878787875]",1316,2858,Upper Right
train_647.png,"[1394.2121212121212, 415.6060606060605, 890.9090909090908, 372.72727272727275]",1316,2858,Upper Left
train_647.png,"[1430.5757575757575, 748.939393939394, 860.6060606060605, 375.7575757575755]",1316,2858,Lower Left
train_647.png,"[669.9696969696969, 761.060606060606, 778.7878787878789, 363.6363636363635]",1316,2858,Lower Right
train_178.png,"[1423.5714285714284, 356.71428571428567, 722.8571428571427, 319.9999999999999]",1316,2780,Upper Left
train_178.png,"[726.4285714285713, 359.57142857142844, 702.8571428571429, 317.1428571428571]",1316,2780,Upper Right
train_178.png,"[1392.142857142857, 562.4285714285713, 842.8571428571429, 442.8571428571429]",1316,2780,Lower Left
train_178.png,"[643.5714285714286, 556.7142857142856, 765.7142857142857, 442.8571428571429]",1316,2780,Lower Right
train_350.png,"[490.5, 284.0, 465.0, 282.5]",976,1976,Upper Right
train_350.png,"[943.0, 229.0, 458.75, 338.75]",976,1976,Upper Left
train_350.png,"[948.0, 441.5, 495.0, 382.5]",976,1976,Lower Left
train_350.png,"[456.75, 474.0, 493.75, 351.25]",976,1976,Lower Right
train_249.png,"[1473.8181818181818, 476.36363636363626, 938.1818181818182, 518.1818181818182]",1504,2868,Upper Left
train_249.png,"[567.4418604651163, 501.16279069767444, 918.6046511627907, 494.1860465116279]",1504,2868,Upper Right
train_249.png,"[1470.0, 814.9649122807017, 1037.0175438596489, 590.5906432748537]",1504,2868,Lower Left
train_249.png,"[447.0588235294117, 836.7647058823529, 1025.0, 569.1176470588234]",1504,2868,Lower Right
train_235.png,"[1422.5151515151515, 214.78787878787875, 715.151515151515, 415.151515151515]",1316,2902,Upper Left
train_235.png,"[764.9393939393939, 226.90909090909088, 666.6666666666666, 406.0606060606061]",1316,2902,Upper Right
train_235.png,"[1437.6666666666665, 423.87878787878776, 839.3939393939395, 512.1212121212122]",1316,2902,Lower Left
train_235.png,"[643.7272727272727, 442.060606060606, 815.151515151515, 506.060606060606]",1316,2902,Lower Right
train_180.png,"[1473.0188679245282, 277.5283018867924, 771.6981132075473, 305.66037735849056]",1316,2974,Upper Left
train_180.png,"[703.2075471698113, 268.0943396226414, 781.132075471698, 356.60377358490575]",1316,2974,Upper Right
train_180.png,"[1462.5, 567.5, 767.5, 391.25]",1316,2974,Lower Left
train_180.png,"[588.8888888888889, 525.6984126984127, 884.3069873997708, 433.0781830462681]",1316,2974,Lower Right
train_317.png,"[486.75, 220.25, 468.75, 330.0]",976,1976,Upper Right
train_317.png,"[948.0, 221.5, 448.75, 330.0]",976,1976,Upper Left
train_317.png,"[941.75, 437.75, 518.75, 345.0]",976,1976,Lower Left
train_317.png,"[441.75, 415.25, 506.25, 371.25]",976,1976,Lower Right
train_13.png,"[1406.2727272727273, 158.7272727272727, 938.1818181818178, 554.5454545454545]",1316,2842,Upper Left
train_13.png,"[595.3636363636363, 109.63636363636363, 836.3636363636363, 599.9999999999999]",1316,2842,Upper Right
train_13.png,"[1397.181818181818, 384.18181818181813, 980.0, 710.9090909090909]",1316,2842,Lower Left
train_13.png,"[495.3636363636364, 435.090909090909, 912.7272727272726, 707.2727272727273]",1316,2842,Lower Right
train_463.png,"[583.5294117647059, 502.7058823529411, 767.6470588235293, 358.82352941176475]",1316,2745,Upper Right
train_463.png,"[1354.1176470588234, 499.7647058823529, 752.9411764705883, 358.82352941176464]",1316,2745,Upper Left
train_463.png,"[1333.5294117647059, 790.9411764705881, 805.8823529411761, 373.52941176470586]",1316,2745,Lower Left
train_463.png,"[515.8823529411765, 738.0, 844.1176470588235, 408.82352941176464]",1316,2745,Lower Right
train_68.png,"[1342.888888888889, 287.66666666666674, 783.3333333333333, 394.44444444444434]",1316,2670,Upper Left
train_68.png,"[565.1111111111111, 268.2222222222223, 788.8888888888889, 424.9999999999999]",1316,2670,Upper Right
train_68.png,"[1345.6666666666667, 493.2222222222222, 894.4444444444446, 550.0]",1316,2670,Lower Left
train_68.png,"[373.44444444444446, 457.1111111111112, 986.1111111111112, 594.4444444444445]",1316,2670,Lower Right
train_82.png,"[1459.2592592592591, 262.59259259259255, 862.962962962963, 507.40740740740733]",1316,2938,Upper Left
train_82.png,"[583.3333333333333, 199.62962962962962, 892.5925925925926, 575.9259259259259]",1316,2938,Upper Right
train_82.png,"[1470.3703703703702, 638.5185185185185, 979.6296296296298, 509.2592592592591]",1316,2938,Lower Left
train_82.png,"[461.1111111111111, 560.7407407407406, 1044.4444444444443, 648.148148148148]",1316,2938,Lower Right
train_360.png,"[584.125, 271.0, 715.625, 418.75]",1316,2965,Upper Right
train_360.png,"[1268.5, 261.625, 762.5, 425.0]",1316,2965,Upper Left
train_360.png,"[1296.625, 599.125, 787.5, 440.625]",1316,2965,Lower Left
train_360.png,"[624.75, 624.125, 706.25, 421.875]",1316,2965,Lower Right
train_589.png,"[1427.8518518518517, 279.25925925925924, 714.8148148148148, 379.62962962962956]",1316,2890,Upper Left
train_589.png,"[748.2222222222222, 179.25925925925924, 716.6666666666665, 483.33333333333326]",1316,2890,Upper Right
train_589.png,"[1435.2592592592591, 562.5925925925925, 875.9259259259261, 477.7777777777777]",1316,2890,Lower Left
train_589.png,"[616.7407407407406, 460.74074074074065, 816.6666666666667, 600.0]",1316,2890,Lower Right
train_368.png,"[700.2727272727273, 287.4545454545454, 754.5454545454545, 427.27272727272725]",1316,2896,Upper Right
train_368.png,"[1454.8181818181818, 323.81818181818176, 772.7272727272727, 412.72727272727275]",1316,2896,Upper Left
train_368.png,"[1425.7272727272725, 674.7272727272726, 872.7272727272725, 470.9090909090909]",1316,2896,Lower Left
train_368.png,"[649.3636363636363, 625.6363636363635, 790.909090909091, 530.909090909091]",1316,2896,Lower Right
train_288.png,"[1453.074074074074, 281.1111111111111, 690.7407407407409, 375.92592592592587]",1316,2895,Upper Left
train_288.png,"[677.1481481481482, 231.1111111111111, 785.1851851851851, 433.33333333333326]",1316,2895,Upper Right
train_288.png,"[1467.8888888888887, 594.074074074074, 818.5185185185187, 448.14814814814815]",1316,2895,Lower Left
train_288.png,"[649.3703703703703, 612.5925925925925, 831.4814814814814, 442.5925925925925]",1316,2895,Lower Right
train_71.png,"[735.2592592592592, 308.33333333333326, 709.2592592592592, 440.74074074074065]",1316,2916,Upper Right
train_71.png,"[1446.3703703703702, 312.03703703703695, 762.9629629629628, 438.8888888888889]",1316,2916,Upper Left
train_71.png,"[1466.7407407407406, 613.8888888888888, 807.4074074074072, 507.4074074074075]",1316,2916,Lower Left
train_71.png,"[751.9259259259259, 636.1111111111111, 742.5925925925926, 492.5925925925926]",1316,2916,Lower Right
train_46.png,"[1500.0, 450.25, 534.375, 365.625]",1316,3002,Upper Left
train_46.png,"[925.0, 422.125, 575.0, 393.75]",1316,3002,Upper Right
train_46.png,"[1518.75, 628.375, 668.75, 512.5]",1316,3002,Lower Left
train_46.png,"[843.75, 640.875, 703.125, 531.25]",1316,3002,Lower Right
train_34.png,"[602.5172413793103, 360.68965517241384, 772.4137931034483, 446.55172413793105]",1316,2734,Upper Right
train_34.png,"[1376.6551724137933, 357.2413793103449, 755.1724137931035, 439.65517241379314]",1316,2734,Upper Left
train_34.png,"[1381.8275862068967, 707.2413793103449, 741.3793103448274, 441.3793103448277]",1316,2734,Lower Left
train_34.png,"[607.6896551724138, 710.6896551724138, 784.4827586206897, 415.51724137931035]",1316,2734,Lower Right
train_298.png,"[1420.6363636363635, 432.969696969697, 824.2424242424245, 372.7272727272725]",1316,2873,Upper Left
train_298.png,"[629.7272727272727, 445.090909090909, 803.030303030303, 363.63636363636374]",1316,2873,Upper Right
train_298.png,"[1411.5454545454545, 623.8787878787878, 945.4545454545455, 539.3939393939395]",1316,2873,Lower Left
train_298.png,"[535.7878787878788, 660.2424242424242, 881.8181818181818, 515.151515151515]",1316,2873,Lower Right
train_342.png,"[859.9090909090909, 316.9090909090909, 578.1818181818181, 360.0]",1316,2862,Upper Right
train_342.png,"[1423.5454545454545, 322.3636363636364, 810.909090909091, 372.72727272727263]",1316,2862,Upper Left
train_342.png,"[839.9090909090909, 656.9090909090909, 599.9999999999999, 336.3636363636364]",1316,2862,Lower Right
train_342.png,"[1423.5454545454545, 678.7272727272726, 836.363636363636, 318.18181818181813]",1316,2862,Lower Left
train_429.png,"[733.7575757575758, 291.3636363636364, 687.8787878787878, 406.0606060606059]",1316,2828,Upper Right
train_429.png,"[1421.6363636363635, 173.18181818181813, 736.3636363636365, 527.2727272727274]",1316,2828,Upper Left
train_429.png,"[1442.8484848484848, 494.3939393939394, 778.7878787878788, 524.2424242424241]",1316,2828,Lower Left
train_429.png,"[545.8787878787879, 506.5151515151515, 933.3333333333334, 509.090909090909]",1316,2828,Lower Right
train_90.png,"[765.5185185185185, 232.4074074074074, 742.5925925925926, 498.14814814814815]",1316,2958,Upper Right
train_90.png,"[1504.4074074074074, 345.3703703703703, 703.7037037037035, 388.8888888888889]",1316,2958,Upper Left
train_90.png,"[1498.8518518518517, 623.148148148148, 733.3333333333335, 472.2222222222222]",1316,2958,Lower Left
train_90.png,"[697.0, 586.1111111111111, 805.5555555555554, 527.7777777777776]",1316,2958,Lower Right
train_45.png,"[609.0714285714286, 385.7857142857142, 767.8571428571428, 400.0]",1316,2844,Upper Right
train_45.png,"[1373.3571428571427, 378.6428571428571, 760.7142857142858, 408.92857142857133]",1316,2844,Upper Left
train_45.png,"[1376.9285714285713, 646.4999999999999, 799.9999999999998, 512.4999999999999]",1316,2844,Lower Left
train_45.png,"[591.2142857142857, 683.9999999999999, 807.142857142857, 476.78571428571433]",1316,2844,Lower Right
train_323.png,"[1427.185185185185, 364.44444444444446, 838.8888888888889, 403.7037037037036]",1316,2922,Upper Left
train_323.png,"[675.3333333333333, 260.7407407407407, 790.7407407407406, 501.8518518518518]",1316,2922,Upper Right
train_323.png,"[1430.8888888888887, 618.148148148148, 881.4814814814818, 525.9259259259259]",1316,2922,Lower Left
train_323.png,"[516.074074074074, 579.2592592592592, 931.4814814814814, 574.074074074074]",1316,2922,Lower Right
train_444.png,"[602.3939393939394, 348.9393939393939, 866.6666666666666, 433.33333333333337]",1316,2837,Upper Right
train_444.png,"[1447.8484848484848, 355.0, 803.0303030303032, 433.33333333333326]",1316,2837,Upper Left
train_444.png,"[1420.5757575757575, 776.2121212121212, 815.151515151515, 342.42424242424227]",1316,2837,Lower Left
train_444.png,"[635.7272727272727, 758.030303030303, 809.090909090909, 369.69696969696975]",1316,2837,Lower Right
train_525.png,"[1338.2857142857142, 342.42857142857133, 720.0, 368.57142857142844]",1316,2718,Upper Left
train_525.png,"[686.8571428571428, 356.71428571428567, 659.9999999999999, 359.9999999999999]",1316,2718,Upper Right
train_525.png,"[1366.8571428571427, 602.4285714285713, 742.8571428571427, 462.8571428571429]",1316,2718,Lower Left
train_525.png,"[598.2857142857142, 628.1428571428571, 774.2857142857142, 459.9999999999998]",1316,2718,Lower Right
train_185.png,"[474.99999999999994, 187.45454545454544, 967.2727272727273, 458.1818181818181]",1316,2899,Upper Right
train_185.png,"[1438.6363636363635, 180.18181818181813, 943.6363636363635, 485.4545454545454]",1316,2899,Upper Left
train_185.png,"[1454.9999999999998, 607.4545454545454, 923.6363636363637, 469.0909090909091]",1316,2899,Lower Left
train_185.png,"[482.27272727272725, 612.9090909090909, 980.0, 434.5454545454544]",1316,2899,Lower Right
train_465.png,"[691.7272727272726, 312.9090909090909, 747.2727272727271, 405.4545454545454]",1316,2867,Upper Right
train_465.png,"[1417.181818181818, 305.6363636363636, 752.7272727272725, 409.090909090909]",1316,2867,Upper Left
train_465.png,"[1433.5454545454545, 583.8181818181818, 796.363636363636, 536.3636363636363]",1316,2867,Lower Left
train_465.png,"[639.0, 636.5454545454545, 803.6363636363635, 485.4545454545455]",1316,2867,Lower Right
train_335.png,"[506.75, 261.5, 470.0, 290.0]",976,1976,Upper Right
train_335.png,"[969.25, 252.75, 427.5, 302.5]",976,1976,Upper Left
train_335.png,"[965.5, 419.0, 486.25, 358.75]",976,1976,Lower Left
train_335.png,"[441.75, 452.75, 530.0, 328.75]",976,1976,Lower Right
train_627.png,"[1374.8235294117646, 360.2941176470588, 811.7647058823529, 502.94117647058806]",1316,2805,Upper Left
train_627.png,"[604.235294117647, 398.52941176470586, 788.235294117647, 473.52941176470586]",1316,2805,Upper Right
train_627.png,"[1407.1764705882351, 666.1764705882351, 870.5882352941176, 532.3529411764707]",1316,2805,Lower Left
train_627.png,"[580.7058823529411, 683.8235294117646, 838.235294117647, 529.4117647058822]",1316,2805,Lower Right
train_227.png,"[1449.7037037037037, 331.1111111111111, 864.8148148148146, 412.96296296296293]",1316,2930,Upper Left
train_227.png,"[662.6666666666666, 282.96296296296293, 801.8518518518518, 451.85185185185185]",1316,2930,Upper Right
train_227.png,"[1442.2962962962963, 649.6296296296296, 1001.8518518518515, 496.2962962962963]",1316,2930,Lower Left
train_227.png,"[586.7407407407406, 662.5925925925925, 862.962962962963, 511.1111111111112]",1316,2930,Lower Right
train_52.png,"[1397.7142857142856, 379.57142857142844, 819.9999999999998, 368.57142857142867]",1316,2774,Upper Left
train_52.png,"[597.7142857142857, 376.71428571428567, 805.7142857142857, 348.57142857142856]",1316,2774,Upper Right
train_52.png,"[1374.8571428571427, 688.1428571428571, 891.4285714285716, 371.42857142857133]",1316,2774,Lower Left
train_52.png,"[517.7142857142857, 636.7142857142856, 885.7142857142857, 440.0]",1316,2774,Lower Right
train_556.png,"[1506.5454545454545, 494.5454545454545, 905.4545454545455, 360.0]",1504,2868,Upper Left
train_556.png,"[550.1818181818181, 447.27272727272725, 967.2727272727271, 416.36363636363626]",1504,2868,Upper Right
train_556.png,"[1488.3636363636363, 796.3636363636363, 1005.4545454545453, 469.090909090909]",1504,2868,Lower Left
train_556.png,"[461.09090909090907, 763.6363636363635, 1036.3636363636363, 540.0]",1504,2868,Lower Right
train_179.png,"[1446.8181818181818, 432.969696969697, 854.5454545454543, 381.81818181818176]",1316,2890,Upper Left
train_179.png,"[701.3636363636364, 442.060606060606, 751.5151515151514, 400.0]",1316,2890,Upper Right
train_179.png,"[1446.8181818181818, 720.8484848484848, 957.5757575757577, 406.060606060606]",1316,2890,Lower Left
train_179.png,"[634.6969696969696, 720.8484848484848, 818.1818181818181, 454.5454545454545]",1316,2890,Lower Right
train_329.png,"[1403.6470588235293, 269.1176470588234, 882.3529411764707, 373.52941176470586]",1316,2845,Upper Left
train_329.png,"[574.2352941176471, 292.6470588235294, 847.0588235294117, 358.8235294117645]",1316,2845,Upper Right
train_329.png,"[1427.1764705882351, 542.6470588235293, 920.5882352941176, 461.7647058823529]",1316,2845,Lower Left
train_329.png,"[491.8823529411764, 595.5882352941176, 947.0588235294117, 423.52941176470586]",1316,2845,Lower Right
train_558.png,"[931.9622641509434, 371.86792452830184, 620.7547169811321, 394.33962264150944]",1316,2990,Upper Right
train_558.png,"[1539.509433962264, 392.62264150943395, 603.7735849056605, 379.2452830188679]",1316,2990,Upper Left
train_558.png,"[1514.9811320754716, 639.7924528301886, 779.2452830188681, 475.4716981132075]",1316,2990,Lower Left
train_558.png,"[743.2830188679245, 585.0754716981131, 781.132075471698, 532.0754716981131]",1316,2990,Lower Right
train_479.png,"[663.2727272727273, 312.9090909090909, 798.181818181818, 416.36363636363626]",1316,2902,Upper Right
train_479.png,"[1454.181818181818, 312.9090909090909, 849.090909090909, 452.72727272727263]",1316,2902,Upper Left
train_479.png,"[1465.090909090909, 667.4545454545454, 829.090909090909, 445.4545454545454]",1316,2902,Lower Left
train_479.png,"[659.6363636363636, 649.2727272727273, 810.9090909090909, 421.81818181818176]",1316,2902,Lower Right
train_607.png,"[1422.9090909090908, 523.6363636363636, 970.9090909090908, 374.5454545454545]",1504,2868,Upper Left
train_607.png,"[613.8181818181818, 527.2727272727273, 812.7272727272727, 374.5454545454545]",1504,2868,Upper Right
train_607.png,"[1421.090909090909, 856.3636363636363, 1087.272727272727, 483.6363636363635]",1504,2868,Lower Left
train_607.png,"[568.3636363636363, 832.7272727272726, 874.5454545454545, 505.4545454545454]",1504,2868,Lower Right
train_138.png,"[871.25, 308.5, 634.375, 443.75]",1316,2982,Upper Right
train_138.png,"[1480.625, 289.75, 684.375, 450.0]",1316,2982,Upper Left
train_138.png,"[1518.125, 586.625, 743.75, 521.875]",1316,2982,Lower Left
train_138.png,"[843.125, 671.0, 731.25, 456.25]",1316,2982,Lower Right
train_668.png,"[491.75, 217.75, 461.25, 338.75]",976,1976,Upper Right
train_668.png,"[928.0, 164.0, 480.0, 390.0]",976,1976,Upper Left
train_668.png,"[989.25, 369.0, 470.0, 386.25]",976,1976,Lower Left
train_668.png,"[466.75, 409.0, 542.5, 355.0]",976,1976,Lower Right
train_194.png,"[1477.4193548387098, 347.7741935483871, 672.5806451612902, 491.9354838709678]",1316,3002,Upper Left
train_194.png,"[904.8387096774194, 351.0, 596.774193548387, 503.2258064516129]",1316,3002,Upper Right
train_194.png,"[1500.0, 554.2258064516129, 806.4516129032259, 606.4516129032259]",1316,3002,Lower Left
train_194.png,"[745.1612903225806, 673.5806451612904, 769.3548387096774, 512.9032258064516]",1316,3002,Lower Right
train_111.png,"[1399.5714285714284, 265.2857142857142, 845.7142857142858, 391.42857142857133]",1316,2772,Upper Left
train_111.png,"[590.9999999999999, 250.9999999999999, 819.9999999999999, 437.1428571428572]",1316,2772,Upper Right
train_111.png,"[1413.8571428571427, 582.4285714285713, 914.2857142857142, 457.1428571428571]",1316,2772,Lower Left
train_111.png,"[476.71428571428567, 633.8571428571427, 945.7142857142857, 425.7142857142858]",1316,2772,Lower Right
train_33.png,"[1375.9090909090908, 395.090909090909, 814.5454545454547, 450.909090909091]",1316,2854,Upper Left
train_33.png,"[574.090909090909, 296.9090909090909, 849.090909090909, 550.9090909090909]",1316,2854,Upper Right
train_33.png,"[1403.181818181818, 715.090909090909, 778.181818181818, 481.81818181818176]",1316,2854,Lower Left
train_33.png,"[534.090909090909, 613.2727272727273, 881.8181818181818, 612.7272727272725]",1316,2854,Lower Right
train_389.png,"[1427.6969696969695, 320.84848484848476, 839.3939393939395, 381.81818181818176]",1316,2875,Upper Left
train_389.png,"[658.0, 323.8787878787879, 796.969696969697, 381.81818181818187]",1316,2875,Upper Right
train_389.png,"[1448.9090909090908, 566.3030303030303, 860.6060606060607, 515.151515151515]",1316,2875,Lower Left
train_389.png,"[579.2121212121211, 578.4242424242423, 896.9696969696969, 512.1212121212122]",1316,2875,Lower Right
train_120.png,"[1508.3030303030303, 502.6666666666665, 796.9696969696968, 327.27272727272725]",1316,2916,Upper Left
train_120.png,"[726.4848484848485, 532.969696969697, 790.9090909090908, 300.0]",1316,2916,Upper Right
train_120.png,"[1517.3939393939393, 751.151515151515, 839.3939393939393, 412.12121212121224]",1316,2916,Lower Left
train_120.png,"[635.5757575757575, 751.151515151515, 887.8787878787878, 403.030303030303]",1316,2916,Lower Right
train_238.png,"[650.8571428571428, 230.4285714285714, 755.3571428571428, 446.4285714285714]",1316,2823,Upper Right
train_238.png,"[1399.0714285714284, 226.85714285714283, 766.0714285714284, 489.28571428571416]",1316,2823,Upper Left
train_238.png,"[1404.4285714285713, 700.0714285714284, 742.8571428571429, 417.8571428571429]",1316,2823,Lower Left
train_238.png,"[563.3571428571428, 641.1428571428571, 841.0714285714286, 489.2857142857142]",1316,2823,Lower Right
train_224.png,"[575.7017543859648, 328.38596491228066, 882.456140350877, 408.7719298245613]",1316,2797,Upper Right
train_224.png,"[1451.1403508771928, 323.1228070175438, 773.6842105263158, 417.54385964912274]",1316,2797,Upper Left
train_224.png,"[1402.0175438596489, 689.7894736842104, 828.0701754385964, 459.6491228070174]",1316,2797,Lower Left
train_224.png,"[552.8947368421052, 673.9999999999999, 885.9649122807016, 464.9122807017544]",1316,2797,Lower Right
train_675.png,"[1436.181818181818, 378.72727272727263, 787.2727272727275, 360.0]",1316,2880,Upper Left
train_675.png,"[659.8181818181818, 340.5454545454545, 778.181818181818, 436.3636363636364]",1316,2880,Upper Right
train_675.png,"[1456.181818181818, 707.8181818181818, 852.7272727272725, 336.36363636363626]",1316,2880,Lower Left
train_675.png,"[701.6363636363636, 705.9999999999999, 767.2727272727271, 405.4545454545454]",1316,2880,Lower Right
train_193.png,"[1530.3636363636363, 489.090909090909, 892.7272727272727, 410.9090909090909]",1504,2872,Upper Left
train_193.png,"[755.8181818181818, 438.18181818181813, 810.9090909090908, 465.4545454545454]",1504,2872,Upper Right
train_193.png,"[1533.9999999999998, 772.7272727272726, 949.0909090909092, 559.9999999999999]",1504,2872,Lower Left
train_193.png,"[650.3636363636363, 819.9999999999999, 929.090909090909, 476.3636363636364]",1504,2872,Lower Right
train_613.png,"[943.25, 264.0, 456.25, 310.0]",976,1976,Upper Left
train_613.png,"[439.5, 229.0, 521.25, 350.0]",976,1976,Upper Right
train_613.png,"[957.0, 457.75, 646.25, 330.0]",976,1976,Lower Left
train_613.png,"[307.0, 441.5, 675.0, 362.5]",976,1976,Lower Right
train_338.png,"[720.8181818181818, 446.9090909090909, 798.181818181818, 430.9090909090909]",1504,2868,Upper Right
train_338.png,"[1513.5454545454545, 452.36363636363626, 705.4545454545455, 429.090909090909]",1504,2868,Upper Left
train_338.png,"[1428.090909090909, 792.3636363636363, 810.909090909091, 441.81818181818176]",1504,2868,Lower Left
train_338.png,"[691.7272727272726, 752.3636363636363, 778.1818181818181, 494.5454545454545]",1504,2868,Lower Right
train_657.png,"[1480.1132075471696, 296.39622641509436, 832.0754716981132, 416.9811320754716]",1316,2957,Upper Left
train_657.png,"[744.2641509433962, 230.3584905660377, 769.811320754717, 473.5849056603774]",1316,2957,Upper Right
train_657.png,"[1463.132075471698, 517.1509433962264, 900.0, 550.9433962264151]",1316,2957,Lower Left
train_657.png,"[655.5849056603773, 556.7735849056603, 845.2830188679244, 528.3018867924529]",1316,2957,Lower Right
train_344.png,"[1472.566037735849, 247.33962264150944, 798.1132075471696, 364.15094339622635]",1316,2957,Upper Left
train_344.png,"[657.4716981132075, 249.2264150943396, 845.2830188679246, 366.0377358490566]",1316,2957,Upper Right
train_344.png,"[1468.7924528301885, 477.5283018867924, 966.0377358490566, 513.2075471698113]",1316,2957,Lower Left
train_344.png,"[495.2075471698113, 511.4905660377358, 1009.433962264151, 530.1886792452831]",1316,2957,Lower Right
train_599.png,"[1477.4545454545453, 390.9090909090909, 807.2727272727273, 401.81818181818176]",1504,2868,Upper Left
train_599.png,"[666.5454545454545, 319.99999999999994, 821.8181818181818, 492.7272727272727]",1504,2868,Upper Right
train_599.png,"[1500.0, 707.5757575757575, 895.4545454545455, 525.7575757575758]",1504,2868,Lower Left
train_599.png,"[612.1212121212121, 627.2727272727273, 890.9090909090909, 645.4545454545455]",1504,2868,Lower Right
train_370.png,"[1451.111111111111, 494.44444444444446, 675.5555555555554, 348.8888888888888]",1316,2954,Upper Left
train_370.png,"[843.3333333333333, 485.55555555555554, 613.3333333333335, 358.8888888888889]",1316,2954,Upper Right
train_370.png,"[1442.2222222222222, 703.3333333333334, 746.6666666666665, 423.33333333333337]",1316,2954,Lower Left
train_370.png,"[794.4444444444445, 746.6666666666666, 657.7777777777777, 381.1111111111112]",1316,2954,Lower Right
